0;b'\x80\x05\x95\x04\x00\x00\x00\x00\x00\x00\x00M9\x05.';b'\x80\x05\x95\x04\x00\x00\x00\x00\x00\x00\x00M9\x05.';b'\x80\x05\x95\x04\x00\x00\x00\x00\x00\x00\x00M9\x05.';554d914653c638d92eb2ce3fdd47d40c0cbad7f3da81e43709ca64ffc1cce1af;554d914653c638d92eb2ce3fdd47d40c0cbad7f3da81e43709ca64ffc1cce1af
1;b'\x80\x05\x95\x0b\x00\x00\x00\x00\x00\x00\x00\x8a\x08\xff\xff\xff\xff\xff\xff\xff\x7f.';b'\x80\x05\x95\x0b\x00\x00\x00\x00\x00\x00\x00\x8a\x08\xff\xff\xff\xff\xff\xff\xff\x7f.';b'\x80\x05\x95\x0b\x00\x00\x00\x00\x00\x00\x00\x8a\x08\xff\xff\xff\xff\xff\xff\xff\x7f.';726085f7db270f7bd6a251a3a0e828c6b97785b5e9dfe5378ce2515fe533ff9c;726085f7db270f7bd6a251a3a0e828c6b97785b5e9dfe5378ce2515fe533ff9c
2;b'\x80\x05\x95\x0b\x00\x00\x00\x00\x00\x00\x00\x8a\x08\x01\x00\x00\x00\x00\x00\x00\x80.';b'\x80\x05\x95\x0b\x00\x00\x00\x00\x00\x00\x00\x8a\x08\x01\x00\x00\x00\x00\x00\x00\x80.';b'\x80\x05\x95\x0b\x00\x00\x00\x00\x00\x00\x00\x8a\x08\x01\x00\x00\x00\x00\x00\x00\x80.';15b45d132cebbe3445c855a169d338b326fc39154ec8ff2e9089d559e1d70717;15b45d132cebbe3445c855a169d338b326fc39154ec8ff2e9089d559e1d70717
3;b'\x80\x05\x95\x0c\x00\x00\x00\x00\x00\x00\x00\x8a\td\x00\x00\x00\x00\x00\x00\x80\x00.';b'\x80\x05\x95\x0c\x00\x00\x00\x00\x00\x00\x00\x8a\td\x00\x00\x00\x00\x00\x00\x80\x00.';b'\x80\x05\x95\x0c\x00\x00\x00\x00\x00\x00\x00\x8a\td\x00\x00\x00\x00\x00\x00\x80\x00.';1ca3a068b7209f423409b70b68a0682fc85dcdfc529a36df64ee35e83fec40a9;1ca3a068b7209f423409b70b68a0682fc85dcdfc529a36df64ee35e83fec40a9
4;b'\x80\x05\x95\x0c\x00\x00\x00\x00\x00\x00\x00\x8a\t\xff\xff\xff\xff\xff\xff\xff\xff\x00.';b'\x80\x05\x95\x0c\x00\x00\x00\x00\x00\x00\x00\x8a\t\xff\xff\xff\xff\xff\xff\xff\xff\x00.';b'\x80\x05\x95\x0c\x00\x00\x00\x00\x00\x00\x00\x8a\t\xff\xff\xff\xff\xff\xff\xff\xff\x00.';9e51044660a468184995087721c5a6e3c2971dd121120a19359b8e199faffe18;9e51044660a468184995087721c5a6e3c2971dd121120a19359b8e199faffe18
5;b'\x80\x05\x95\x0c\x00\x00\x00\x00\x00\x00\x00\x8a\t\x00\x00\x00\x00\x00\x00\x00\x00\x01.';b'\x80\x05\x95\x0c\x00\x00\x00\x00\x00\x00\x00\x8a\t\x00\x00\x00\x00\x00\x00\x00\x00\x01.';b'\x80\x05\x95\x0c\x00\x00\x00\x00\x00\x00\x00\x8a\t\x00\x00\x00\x00\x00\x00\x00\x00\x01.';4a021930f6519b10bbc07ef29aa6e3734ab1e67ab1b5c8e9506275690bba1f28;4a021930f6519b10bbc07ef29aa6e3734ab1e67ab1b5c8e9506275690bba1f28
6;b'\x80\x05\x95\n\x00\x00\x00\x00\x00\x00\x00G@$\x00\x00\x00\x00\x00\x00.';b'\x80\x05\x95\n\x00\x00\x00\x00\x00\x00\x00G@$\x00\x00\x00\x00\x00\x00.';b'\x80\x05\x95\n\x00\x00\x00\x00\x00\x00\x00G@$\x00\x00\x00\x00\x00\x00.';eeb6e987f4c6c579468fd4e30fcf389ce64fdea3a886668e7dc29e353b74d700;eeb6e987f4c6c579468fd4e30fcf389ce64fdea3a886668e7dc29e353b74d700
7;b'\x80\x05\x95\n\x00\x00\x00\x00\x00\x00\x00G?2Y\x9e\xd7\xcb4\xb0.';b'\x80\x05\x95\n\x00\x00\x00\x00\x00\x00\x00G?2Y\x9e\xd7\xcb4\xb0.';b'\x80\x05\x95\n\x00\x00\x00\x00\x00\x00\x00G?2Y\x9e\xd7\xcb4\xb0.';d7cc2c181c9534d1a37c2aa5f6b5f2946d167e45d89725c10b6c1fc90e418607;d7cc2c181c9534d1a37c2aa5f6b5f2946d167e45d89725c10b6c1fc90e418607
8;b'\x80\x05\x95\n\x00\x00\x00\x00\x00\x00\x00G?\xbf\x9a\xdd7F\xf6Y.';b'\x80\x05\x95\n\x00\x00\x00\x00\x00\x00\x00G?\xbf\x9a\xdd7F\xf6Y.';b'\x80\x05\x95\n\x00\x00\x00\x00\x00\x00\x00G?\xbf\x9a\xdd7F\xf6Y.';eafe32a7fe0c2428a025b5e47d0f0d38395f0c345dcb3b8ce64f9a3abb383207;eafe32a7fe0c2428a025b5e47d0f0d38395f0c345dcb3b8ce64f9a3abb383207
9;b'\x80\x05\x95\n\x00\x00\x00\x00\x00\x00\x00G?\xbf\x9a\xdd7F\xf6_.';b'\x80\x05\x95\n\x00\x00\x00\x00\x00\x00\x00G?\xbf\x9a\xdd7F\xf6_.';b'\x80\x05\x95\n\x00\x00\x00\x00\x00\x00\x00G?\xbf\x9a\xdd7F\xf6_.';a3892d9cea14721143b43236e729a0f2b764a4ce0ec06a7eb484b576e7076124;a3892d9cea14721143b43236e729a0f2b764a4ce0ec06a7eb484b576e7076124
10;b'\x80\x05\x95\n\x00\x00\x00\x00\x00\x00\x00GA\xcdo4X\x8f\xcdo.';b'\x80\x05\x95\n\x00\x00\x00\x00\x00\x00\x00GA\xcdo4X\x8f\xcdo.';b'\x80\x05\x95\n\x00\x00\x00\x00\x00\x00\x00GA\xcdo4X\x8f\xcdo.';41cefb757710ac940dc196f9117c6750153ac5120768a7e814bb08217aec04ef;41cefb757710ac940dc196f9117c6750153ac5120768a7e814bb08217aec04ef
11;b"\x80\x05\x95+\x00\x00\x00\x00\x00\x00\x00\x8c'No one inspects the spammish repetition\x94.";b"\x80\x05\x95+\x00\x00\x00\x00\x00\x00\x00\x8c'No one inspects the spammish repetition\x94.";b"\x80\x05\x95+\x00\x00\x00\x00\x00\x00\x00\x8c'No one inspects the spammish repetition\x94.";ef6678157c041bffa6a90c0d8dc8446792d522f277a46aaa4398f7fcdd133200;ef6678157c041bffa6a90c0d8dc8446792d522f277a46aaa4398f7fcdd133200
12;b'\x80\x05\x95\x84\x00\x00\x00\x00\x00\x00\x00\x8c\x80eeeeeeeeeeeeeeeeeeeeeeeeeeeeeeeeeeeeeeeeeeeeeeeeeeeeeeeeeeeeeeeeeeeeeeeeeeeeeeeeeeeeeeeeeeeeeeeeeeeeeeeeeeeeeeeeeeeeeeeeeeeeeeee\x94.';b'\x80\x05\x95\x84\x00\x00\x00\x00\x00\x00\x00\x8c\x80eeeeeeeeeeeeeeeeeeeeeeeeeeeeeeeeeeeeeeeeeeeeeeeeeeeeeeeeeeeeeeeeeeeeeeeeeeeeeeeeeeeeeeeeeeeeeeeeeeeeeeeeeeeeeeeeeeeeeeeeeeeeeeee\x94.';b'\x80\x05\x95\x84\x00\x00\x00\x00\x00\x00\x00\x8c\x80eeeeeeeeeeeeeeeeeeeeeeeeeeeeeeeeeeeeeeeeeeeeeeeeeeeeeeeeeeeeeeeeeeeeeeeeeeeeeeeeeeeeeeeeeeeeeeeeeeeeeeeeeeeeeeeeeeeeeeeeeeeeeeee\x94.';d7b8159354467a2777ad0ffc91e8224df983d0de035473c84e97fd6bc18c662d;d7b8159354467a2777ad0ffc91e8224df983d0de035473c84e97fd6bc18c662d
13;b'\x80\x05\x95\x04\x00\x00\x00\x00\x00\x00\x00\x8c\x00\x94.';b'\x80\x05\x95\x04\x00\x00\x00\x00\x00\x00\x00\x8c\x00\x94.';b'\x80\x05\x95\x04\x00\x00\x00\x00\x00\x00\x00\x8c\x00\x94.';3279c4b947f331d055c47442171c9ea17712596bd7fe094c31d4a5d432b42d68;3279c4b947f331d055c47442171c9ea17712596bd7fe094c31d4a5d432b42d68
14;b'\x80\x05]\x94.';b'\x80\x05]\x94.';b'\x80\x05]\x94.';3fe4a92ad75f98888c0fdc32304e33df0191042a9f85c4d1c59ea2ca284412c0;3fe4a92ad75f98888c0fdc32304e33df0191042a9f85c4d1c59ea2ca284412c0
15;b'\x80\x05\x95\r\x00\x00\x00\x00\x00\x00\x00]\x94G?\xd4\xbcj~\xf9\xdb#a.';b'\x80\x05\x95\r\x00\x00\x00\x00\x00\x00\x00]\x94G?\xd4\xbcj~\xf9\xdb#a.';b'\x80\x05\x95\r\x00\x00\x00\x00\x00\x00\x00]\x94G?\xd4\xbcj~\xf9\xdb#a.';9d26e8fc1afe452b85863d67bd9173975e2d5d0fb43446a8983f8d411e59a07e;9d26e8fc1afe452b85863d67bd9173975e2d5d0fb43446a8983f8d411e59a07e
16;b'\x80\x05\x95\x06\x00\x00\x00\x00\x00\x00\x00]\x94K\xeaa.';b'\x80\x05\x95\x06\x00\x00\x00\x00\x00\x00\x00]\x94K\xeaa.';b'\x80\x05\x95\x06\x00\x00\x00\x00\x00\x00\x00]\x94K\xeaa.';00d01a6d24564d2a6d82294bd5c4eece4d7682edbff4fa3e410ae50e62711869;00d01a6d24564d2a6d82294bd5c4eece4d7682edbff4fa3e410ae50e62711869
17;b'\x80\x05\x95\x0b\x00\x00\x00\x00\x00\x00\x00]\x94\x8c\x04ddsf\x94a.';b'\x80\x05\x95\x0b\x00\x00\x00\x00\x00\x00\x00]\x94\x8c\x04ddsf\x94a.';b'\x80\x05\x95\x0b\x00\x00\x00\x00\x00\x00\x00]\x94\x8c\x04ddsf\x94a.';a40e180e6787eb97667a5f07d790835b0e5b3705af259dd116cd6f408a2f40f2;a40e180e6787eb97667a5f07d790835b0e5b3705af259dd116cd6f408a2f40f2
18;b'\x80\x05\x95\x17\x00\x00\x00\x00\x00\x00\x00]\x94(G?\xd4\xbcj~\xf9\xdb#K\xea\x8c\x043dsf\x94e.';b'\x80\x05\x95\x17\x00\x00\x00\x00\x00\x00\x00]\x94(G?\xd4\xbcj~\xf9\xdb#K\xea\x8c\x043dsf\x94e.';b'\x80\x05\x95\x17\x00\x00\x00\x00\x00\x00\x00]\x94(G?\xd4\xbcj~\xf9\xdb#K\xea\x8c\x043dsf\x94e.';653c5744033223f96512c35102d8a0e2b85d4c2fc7f0c4d5acb0f3402c33636a;653c5744033223f96512c35102d8a0e2b85d4c2fc7f0c4d5acb0f3402c33636a
19;b'\x80\x05\x95\x85\x00\x00\x00\x00\x00\x00\x00]\x94(K\x00K\x01K\x02K\x03K\x04K\x05K\x06K\x07K\x08K\tK\nK\x0bK\x0cK\rK\x0eK\x0fK\x10K\x11K\x12K\x13K\x14K\x15K\x16K\x17K\x18K\x19K\x1aK\x1bK\x1cK\x1dK\x1eK\x1fK K!K"K#K$K%K&K\'K(K)K*K+K,K-K.K/K0K1K2K3K4K5K6K7K8K9K:K;K<K=K>K?e.';b'\x80\x05\x95\x85\x00\x00\x00\x00\x00\x00\x00]\x94(K\x00K\x01K\x02K\x03K\x04K\x05K\x06K\x07K\x08K\tK\nK\x0bK\x0cK\rK\x0eK\x0fK\x10K\x11K\x12K\x13K\x14K\x15K\x16K\x17K\x18K\x19K\x1aK\x1bK\x1cK\x1dK\x1eK\x1fK K!K"K#K$K%K&K\'K(K)K*K+K,K-K.K/K0K1K2K3K4K5K6K7K8K9K:K;K<K=K>K?e.';b'\x80\x05\x95\x85\x00\x00\x00\x00\x00\x00\x00]\x94(K\x00K\x01K\x02K\x03K\x04K\x05K\x06K\x07K\x08K\tK\nK\x0bK\x0cK\rK\x0eK\x0fK\x10K\x11K\x12K\x13K\x14K\x15K\x16K\x17K\x18K\x19K\x1aK\x1bK\x1cK\x1dK\x1eK\x1fK K!K"K#K$K%K&K\'K(K)K*K+K,K-K.K/K0K1K2K3K4K5K6K7K8K9K:K;K<K=K>K?e.';afdcf2ef0d61860f3647cd3fa1a64aa05cb29acd5177949b6bafe55987d516f0;afdcf2ef0d61860f3647cd3fa1a64aa05cb29acd5177949b6bafe55987d516f0
20;b'\x80\x05\x95\x87\x00\x00\x00\x00\x00\x00\x00]\x94(K\x00K\x01K\x02K\x03K\x04K\x05K\x06K\x07K\x08K\tK\nK\x0bK\x0cK\rK\x0eK\x0fK\x10K\x11K\x12K\x13K\x14K\x15K\x16K\x17K\x18K\x19K\x1aK\x1bK\x1cK\x1dK\x1eK\x1fK K!K"K#K$K%K&K\'K(K)K*K+K,K-K.K/K0K1K2K3K4K5K6K7K8K9K:K;K<K=K>K?K@e.';b'\x80\x05\x95\x87\x00\x00\x00\x00\x00\x00\x00]\x94(K\x00K\x01K\x02K\x03K\x04K\x05K\x06K\x07K\x08K\tK\nK\x0bK\x0cK\rK\x0eK\x0fK\x10K\x11K\x12K\x13K\x14K\x15K\x16K\x17K\x18K\x19K\x1aK\x1bK\x1cK\x1dK\x1eK\x1fK K!K"K#K$K%K&K\'K(K)K*K+K,K-K.K/K0K1K2K3K4K5K6K7K8K9K:K;K<K=K>K?K@e.';b'\x80\x05\x95\x87\x00\x00\x00\x00\x00\x00\x00]\x94(K\x00K\x01K\x02K\x03K\x04K\x05K\x06K\x07K\x08K\tK\nK\x0bK\x0cK\rK\x0eK\x0fK\x10K\x11K\x12K\x13K\x14K\x15K\x16K\x17K\x18K\x19K\x1aK\x1bK\x1cK\x1dK\x1eK\x1fK K!K"K#K$K%K&K\'K(K)K*K+K,K-K.K/K0K1K2K3K4K5K6K7K8K9K:K;K<K=K>K?K@e.';2091e2a07ab056618fad0186f3e1aed6fdcb0fbe81c05ecc3d4d9fe60c8b42de;2091e2a07ab056618fad0186f3e1aed6fdcb0fbe81c05ecc3d4d9fe60c8b42de
21;b'\x80\x05\x95\x1c\x00\x00\x00\x00\x00\x00\x00(\x8c\x011\x94\x8c\x012\x94\x8c\x013\x94\x8c\x014\x94\x8c\x015\x94\x8c\x016\x94t\x94.';b'\x80\x05\x95\x1c\x00\x00\x00\x00\x00\x00\x00(\x8c\x011\x94\x8c\x012\x94\x8c\x013\x94\x8c\x014\x94\x8c\x015\x94\x8c\x016\x94t\x94.';b'\x80\x05\x95\x1c\x00\x00\x00\x00\x00\x00\x00(\x8c\x011\x94\x8c\x012\x94\x8c\x013\x94\x8c\x014\x94\x8c\x015\x94\x8c\x016\x94t\x94.';06b0551372e5213751c6f4f37bcbaba364052cf6b595689adf3da6f3bc2c3d78;06b0551372e5213751c6f4f37bcbaba364052cf6b595689adf3da6f3bc2c3d78
22;b'\x80\x05).';b'\x80\x05).';b'\x80\x05).';4d2bde2bcd7529f75df8685357afae6f49a6792a5e61bbb22a51ae121291bf57;4d2bde2bcd7529f75df8685357afae6f49a6792a5e61bbb22a51ae121291bf57
0;b'\x80\x05\x95\x04\x00\x00\x00\x00\x00\x00\x00M9\x05.';b'\x80\x05\x95\x04\x00\x00\x00\x00\x00\x00\x00M9\x05.';b'\x80\x05\x95\x04\x00\x00\x00\x00\x00\x00\x00M9\x05.';554d914653c638d92eb2ce3fdd47d40c0cbad7f3da81e43709ca64ffc1cce1af;554d914653c638d92eb2ce3fdd47d40c0cbad7f3da81e43709ca64ffc1cce1af
1;b'\x80\x05\x95\x0b\x00\x00\x00\x00\x00\x00\x00\x8a\x08\xff\xff\xff\xff\xff\xff\xff\x7f.';b'\x80\x05\x95\x0b\x00\x00\x00\x00\x00\x00\x00\x8a\x08\xff\xff\xff\xff\xff\xff\xff\x7f.';b'\x80\x05\x95\x0b\x00\x00\x00\x00\x00\x00\x00\x8a\x08\xff\xff\xff\xff\xff\xff\xff\x7f.';726085f7db270f7bd6a251a3a0e828c6b97785b5e9dfe5378ce2515fe533ff9c;726085f7db270f7bd6a251a3a0e828c6b97785b5e9dfe5378ce2515fe533ff9c
2;b'\x80\x05\x95\x0b\x00\x00\x00\x00\x00\x00\x00\x8a\x08\x01\x00\x00\x00\x00\x00\x00\x80.';b'\x80\x05\x95\x0b\x00\x00\x00\x00\x00\x00\x00\x8a\x08\x01\x00\x00\x00\x00\x00\x00\x80.';b'\x80\x05\x95\x0b\x00\x00\x00\x00\x00\x00\x00\x8a\x08\x01\x00\x00\x00\x00\x00\x00\x80.';15b45d132cebbe3445c855a169d338b326fc39154ec8ff2e9089d559e1d70717;15b45d132cebbe3445c855a169d338b326fc39154ec8ff2e9089d559e1d70717
3;b'\x80\x05\x95\x0c\x00\x00\x00\x00\x00\x00\x00\x8a\td\x00\x00\x00\x00\x00\x00\x80\x00.';b'\x80\x05\x95\x0c\x00\x00\x00\x00\x00\x00\x00\x8a\td\x00\x00\x00\x00\x00\x00\x80\x00.';b'\x80\x05\x95\x0c\x00\x00\x00\x00\x00\x00\x00\x8a\td\x00\x00\x00\x00\x00\x00\x80\x00.';1ca3a068b7209f423409b70b68a0682fc85dcdfc529a36df64ee35e83fec40a9;1ca3a068b7209f423409b70b68a0682fc85dcdfc529a36df64ee35e83fec40a9
4;b'\x80\x05\x95\x0c\x00\x00\x00\x00\x00\x00\x00\x8a\t\xff\xff\xff\xff\xff\xff\xff\xff\x00.';b'\x80\x05\x95\x0c\x00\x00\x00\x00\x00\x00\x00\x8a\t\xff\xff\xff\xff\xff\xff\xff\xff\x00.';b'\x80\x05\x95\x0c\x00\x00\x00\x00\x00\x00\x00\x8a\t\xff\xff\xff\xff\xff\xff\xff\xff\x00.';9e51044660a468184995087721c5a6e3c2971dd121120a19359b8e199faffe18;9e51044660a468184995087721c5a6e3c2971dd121120a19359b8e199faffe18
5;b'\x80\x05\x95\x0c\x00\x00\x00\x00\x00\x00\x00\x8a\t\x00\x00\x00\x00\x00\x00\x00\x00\x01.';b'\x80\x05\x95\x0c\x00\x00\x00\x00\x00\x00\x00\x8a\t\x00\x00\x00\x00\x00\x00\x00\x00\x01.';b'\x80\x05\x95\x0c\x00\x00\x00\x00\x00\x00\x00\x8a\t\x00\x00\x00\x00\x00\x00\x00\x00\x01.';4a021930f6519b10bbc07ef29aa6e3734ab1e67ab1b5c8e9506275690bba1f28;4a021930f6519b10bbc07ef29aa6e3734ab1e67ab1b5c8e9506275690bba1f28
6;b'\x80\x05\x95\n\x00\x00\x00\x00\x00\x00\x00G@$\x00\x00\x00\x00\x00\x00.';b'\x80\x05\x95\n\x00\x00\x00\x00\x00\x00\x00G@$\x00\x00\x00\x00\x00\x00.';b'\x80\x05\x95\n\x00\x00\x00\x00\x00\x00\x00G@$\x00\x00\x00\x00\x00\x00.';eeb6e987f4c6c579468fd4e30fcf389ce64fdea3a886668e7dc29e353b74d700;eeb6e987f4c6c579468fd4e30fcf389ce64fdea3a886668e7dc29e353b74d700
7;b'\x80\x05\x95\n\x00\x00\x00\x00\x00\x00\x00G?2Y\x9e\xd7\xcb4\xb0.';b'\x80\x05\x95\n\x00\x00\x00\x00\x00\x00\x00G?2Y\x9e\xd7\xcb4\xb0.';b'\x80\x05\x95\n\x00\x00\x00\x00\x00\x00\x00G?2Y\x9e\xd7\xcb4\xb0.';d7cc2c181c9534d1a37c2aa5f6b5f2946d167e45d89725c10b6c1fc90e418607;d7cc2c181c9534d1a37c2aa5f6b5f2946d167e45d89725c10b6c1fc90e418607
8;b'\x80\x05\x95\n\x00\x00\x00\x00\x00\x00\x00G?\xbf\x9a\xdd7F\xf6Y.';b'\x80\x05\x95\n\x00\x00\x00\x00\x00\x00\x00G?\xbf\x9a\xdd7F\xf6Y.';b'\x80\x05\x95\n\x00\x00\x00\x00\x00\x00\x00G?\xbf\x9a\xdd7F\xf6Y.';eafe32a7fe0c2428a025b5e47d0f0d38395f0c345dcb3b8ce64f9a3abb383207;eafe32a7fe0c2428a025b5e47d0f0d38395f0c345dcb3b8ce64f9a3abb383207
9;b'\x80\x05\x95\n\x00\x00\x00\x00\x00\x00\x00G?\xbf\x9a\xdd7F\xf6_.';b'\x80\x05\x95\n\x00\x00\x00\x00\x00\x00\x00G?\xbf\x9a\xdd7F\xf6_.';b'\x80\x05\x95\n\x00\x00\x00\x00\x00\x00\x00G?\xbf\x9a\xdd7F\xf6_.';a3892d9cea14721143b43236e729a0f2b764a4ce0ec06a7eb484b576e7076124;a3892d9cea14721143b43236e729a0f2b764a4ce0ec06a7eb484b576e7076124
10;b'\x80\x05\x95\n\x00\x00\x00\x00\x00\x00\x00GA\xcdo4X\x8f\xcdo.';b'\x80\x05\x95\n\x00\x00\x00\x00\x00\x00\x00GA\xcdo4X\x8f\xcdo.';b'\x80\x05\x95\n\x00\x00\x00\x00\x00\x00\x00GA\xcdo4X\x8f\xcdo.';41cefb757710ac940dc196f9117c6750153ac5120768a7e814bb08217aec04ef;41cefb757710ac940dc196f9117c6750153ac5120768a7e814bb08217aec04ef
11;b"\x80\x05\x95+\x00\x00\x00\x00\x00\x00\x00\x8c'No one inspects the spammish repetition\x94.";b"\x80\x05\x95+\x00\x00\x00\x00\x00\x00\x00\x8c'No one inspects the spammish repetition\x94.";b"\x80\x05\x95+\x00\x00\x00\x00\x00\x00\x00\x8c'No one inspects the spammish repetition\x94.";ef6678157c041bffa6a90c0d8dc8446792d522f277a46aaa4398f7fcdd133200;ef6678157c041bffa6a90c0d8dc8446792d522f277a46aaa4398f7fcdd133200
12;b'\x80\x05\x95\x84\x00\x00\x00\x00\x00\x00\x00\x8c\x80eeeeeeeeeeeeeeeeeeeeeeeeeeeeeeeeeeeeeeeeeeeeeeeeeeeeeeeeeeeeeeeeeeeeeeeeeeeeeeeeeeeeeeeeeeeeeeeeeeeeeeeeeeeeeeeeeeeeeeeeeeeeeeee\x94.';b'\x80\x05\x95\x84\x00\x00\x00\x00\x00\x00\x00\x8c\x80eeeeeeeeeeeeeeeeeeeeeeeeeeeeeeeeeeeeeeeeeeeeeeeeeeeeeeeeeeeeeeeeeeeeeeeeeeeeeeeeeeeeeeeeeeeeeeeeeeeeeeeeeeeeeeeeeeeeeeeeeeeeeeee\x94.';b'\x80\x05\x95\x84\x00\x00\x00\x00\x00\x00\x00\x8c\x80eeeeeeeeeeeeeeeeeeeeeeeeeeeeeeeeeeeeeeeeeeeeeeeeeeeeeeeeeeeeeeeeeeeeeeeeeeeeeeeeeeeeeeeeeeeeeeeeeeeeeeeeeeeeeeeeeeeeeeeeeeeeeeee\x94.';d7b8159354467a2777ad0ffc91e8224df983d0de035473c84e97fd6bc18c662d;d7b8159354467a2777ad0ffc91e8224df983d0de035473c84e97fd6bc18c662d
13;b'\x80\x05\x95\x04\x00\x00\x00\x00\x00\x00\x00\x8c\x00\x94.';b'\x80\x05\x95\x04\x00\x00\x00\x00\x00\x00\x00\x8c\x00\x94.';b'\x80\x05\x95\x04\x00\x00\x00\x00\x00\x00\x00\x8c\x00\x94.';3279c4b947f331d055c47442171c9ea17712596bd7fe094c31d4a5d432b42d68;3279c4b947f331d055c47442171c9ea17712596bd7fe094c31d4a5d432b42d68
14;b'\x80\x05]\x94.';b'\x80\x05]\x94.';b'\x80\x05]\x94.';3fe4a92ad75f98888c0fdc32304e33df0191042a9f85c4d1c59ea2ca284412c0;3fe4a92ad75f98888c0fdc32304e33df0191042a9f85c4d1c59ea2ca284412c0
15;b'\x80\x05\x95\r\x00\x00\x00\x00\x00\x00\x00]\x94G?\xd4\xbcj~\xf9\xdb#a.';b'\x80\x05\x95\r\x00\x00\x00\x00\x00\x00\x00]\x94G?\xd4\xbcj~\xf9\xdb#a.';b'\x80\x05\x95\r\x00\x00\x00\x00\x00\x00\x00]\x94G?\xd4\xbcj~\xf9\xdb#a.';9d26e8fc1afe452b85863d67bd9173975e2d5d0fb43446a8983f8d411e59a07e;9d26e8fc1afe452b85863d67bd9173975e2d5d0fb43446a8983f8d411e59a07e
16;b'\x80\x05\x95\x06\x00\x00\x00\x00\x00\x00\x00]\x94K\xeaa.';b'\x80\x05\x95\x06\x00\x00\x00\x00\x00\x00\x00]\x94K\xeaa.';b'\x80\x05\x95\x06\x00\x00\x00\x00\x00\x00\x00]\x94K\xeaa.';00d01a6d24564d2a6d82294bd5c4eece4d7682edbff4fa3e410ae50e62711869;00d01a6d24564d2a6d82294bd5c4eece4d7682edbff4fa3e410ae50e62711869
17;b'\x80\x05\x95\x0b\x00\x00\x00\x00\x00\x00\x00]\x94\x8c\x04ddsf\x94a.';b'\x80\x05\x95\x0b\x00\x00\x00\x00\x00\x00\x00]\x94\x8c\x04ddsf\x94a.';b'\x80\x05\x95\x0b\x00\x00\x00\x00\x00\x00\x00]\x94\x8c\x04ddsf\x94a.';a40e180e6787eb97667a5f07d790835b0e5b3705af259dd116cd6f408a2f40f2;a40e180e6787eb97667a5f07d790835b0e5b3705af259dd116cd6f408a2f40f2
18;b'\x80\x05\x95\x17\x00\x00\x00\x00\x00\x00\x00]\x94(G?\xd4\xbcj~\xf9\xdb#K\xea\x8c\x043dsf\x94e.';b'\x80\x05\x95\x17\x00\x00\x00\x00\x00\x00\x00]\x94(G?\xd4\xbcj~\xf9\xdb#K\xea\x8c\x043dsf\x94e.';b'\x80\x05\x95\x17\x00\x00\x00\x00\x00\x00\x00]\x94(G?\xd4\xbcj~\xf9\xdb#K\xea\x8c\x043dsf\x94e.';653c5744033223f96512c35102d8a0e2b85d4c2fc7f0c4d5acb0f3402c33636a;653c5744033223f96512c35102d8a0e2b85d4c2fc7f0c4d5acb0f3402c33636a
19;b'\x80\x05\x95\x85\x00\x00\x00\x00\x00\x00\x00]\x94(K\x00K\x01K\x02K\x03K\x04K\x05K\x06K\x07K\x08K\tK\nK\x0bK\x0cK\rK\x0eK\x0fK\x10K\x11K\x12K\x13K\x14K\x15K\x16K\x17K\x18K\x19K\x1aK\x1bK\x1cK\x1dK\x1eK\x1fK K!K"K#K$K%K&K\'K(K)K*K+K,K-K.K/K0K1K2K3K4K5K6K7K8K9K:K;K<K=K>K?e.';b'\x80\x05\x95\x85\x00\x00\x00\x00\x00\x00\x00]\x94(K\x00K\x01K\x02K\x03K\x04K\x05K\x06K\x07K\x08K\tK\nK\x0bK\x0cK\rK\x0eK\x0fK\x10K\x11K\x12K\x13K\x14K\x15K\x16K\x17K\x18K\x19K\x1aK\x1bK\x1cK\x1dK\x1eK\x1fK K!K"K#K$K%K&K\'K(K)K*K+K,K-K.K/K0K1K2K3K4K5K6K7K8K9K:K;K<K=K>K?e.';b'\x80\x05\x95\x85\x00\x00\x00\x00\x00\x00\x00]\x94(K\x00K\x01K\x02K\x03K\x04K\x05K\x06K\x07K\x08K\tK\nK\x0bK\x0cK\rK\x0eK\x0fK\x10K\x11K\x12K\x13K\x14K\x15K\x16K\x17K\x18K\x19K\x1aK\x1bK\x1cK\x1dK\x1eK\x1fK K!K"K#K$K%K&K\'K(K)K*K+K,K-K.K/K0K1K2K3K4K5K6K7K8K9K:K;K<K=K>K?e.';afdcf2ef0d61860f3647cd3fa1a64aa05cb29acd5177949b6bafe55987d516f0;afdcf2ef0d61860f3647cd3fa1a64aa05cb29acd5177949b6bafe55987d516f0
20;b'\x80\x05\x95\x87\x00\x00\x00\x00\x00\x00\x00]\x94(K\x00K\x01K\x02K\x03K\x04K\x05K\x06K\x07K\x08K\tK\nK\x0bK\x0cK\rK\x0eK\x0fK\x10K\x11K\x12K\x13K\x14K\x15K\x16K\x17K\x18K\x19K\x1aK\x1bK\x1cK\x1dK\x1eK\x1fK K!K"K#K$K%K&K\'K(K)K*K+K,K-K.K/K0K1K2K3K4K5K6K7K8K9K:K;K<K=K>K?K@e.';b'\x80\x05\x95\x87\x00\x00\x00\x00\x00\x00\x00]\x94(K\x00K\x01K\x02K\x03K\x04K\x05K\x06K\x07K\x08K\tK\nK\x0bK\x0cK\rK\x0eK\x0fK\x10K\x11K\x12K\x13K\x14K\x15K\x16K\x17K\x18K\x19K\x1aK\x1bK\x1cK\x1dK\x1eK\x1fK K!K"K#K$K%K&K\'K(K)K*K+K,K-K.K/K0K1K2K3K4K5K6K7K8K9K:K;K<K=K>K?K@e.';b'\x80\x05\x95\x87\x00\x00\x00\x00\x00\x00\x00]\x94(K\x00K\x01K\x02K\x03K\x04K\x05K\x06K\x07K\x08K\tK\nK\x0bK\x0cK\rK\x0eK\x0fK\x10K\x11K\x12K\x13K\x14K\x15K\x16K\x17K\x18K\x19K\x1aK\x1bK\x1cK\x1dK\x1eK\x1fK K!K"K#K$K%K&K\'K(K)K*K+K,K-K.K/K0K1K2K3K4K5K6K7K8K9K:K;K<K=K>K?K@e.';2091e2a07ab056618fad0186f3e1aed6fdcb0fbe81c05ecc3d4d9fe60c8b42de;2091e2a07ab056618fad0186f3e1aed6fdcb0fbe81c05ecc3d4d9fe60c8b42de
21;b'\x80\x05\x95\x1c\x00\x00\x00\x00\x00\x00\x00(\x8c\x011\x94\x8c\x012\x94\x8c\x013\x94\x8c\x014\x94\x8c\x015\x94\x8c\x016\x94t\x94.';b'\x80\x05\x95\x1c\x00\x00\x00\x00\x00\x00\x00(\x8c\x011\x94\x8c\x012\x94\x8c\x013\x94\x8c\x014\x94\x8c\x015\x94\x8c\x016\x94t\x94.';b'\x80\x05\x95\x1c\x00\x00\x00\x00\x00\x00\x00(\x8c\x011\x94\x8c\x012\x94\x8c\x013\x94\x8c\x014\x94\x8c\x015\x94\x8c\x016\x94t\x94.';06b0551372e5213751c6f4f37bcbaba364052cf6b595689adf3da6f3bc2c3d78;06b0551372e5213751c6f4f37bcbaba364052cf6b595689adf3da6f3bc2c3d78
22;b'\x80\x05).';b'\x80\x05).';b'\x80\x05).';4d2bde2bcd7529f75df8685357afae6f49a6792a5e61bbb22a51ae121291bf57;4d2bde2bcd7529f75df8685357afae6f49a6792a5e61bbb22a51ae121291bf57
0|^^^|b'\x80\x05\x95\x04\x00\x00\x00\x00\x00\x00\x00M9\x05.'|^^^|b'\x80\x05\x95\x04\x00\x00\x00\x00\x00\x00\x00M9\x05.'|^^^|b'\x80\x05\x95\x04\x00\x00\x00\x00\x00\x00\x00M9\x05.'|^^^|554d914653c638d92eb2ce3fdd47d40c0cbad7f3da81e43709ca64ffc1cce1af|^^^|554d914653c638d92eb2ce3fdd47d40c0cbad7f3da81e43709ca64ffc1cce1af
1|^^^|b'\x80\x05\x95\x0b\x00\x00\x00\x00\x00\x00\x00\x8a\x08\xff\xff\xff\xff\xff\xff\xff\x7f.'|^^^|b'\x80\x05\x95\x0b\x00\x00\x00\x00\x00\x00\x00\x8a\x08\xff\xff\xff\xff\xff\xff\xff\x7f.'|^^^|b'\x80\x05\x95\x0b\x00\x00\x00\x00\x00\x00\x00\x8a\x08\xff\xff\xff\xff\xff\xff\xff\x7f.'|^^^|726085f7db270f7bd6a251a3a0e828c6b97785b5e9dfe5378ce2515fe533ff9c|^^^|726085f7db270f7bd6a251a3a0e828c6b97785b5e9dfe5378ce2515fe533ff9c
2|^^^|b'\x80\x05\x95\x0b\x00\x00\x00\x00\x00\x00\x00\x8a\x08\x01\x00\x00\x00\x00\x00\x00\x80.'|^^^|b'\x80\x05\x95\x0b\x00\x00\x00\x00\x00\x00\x00\x8a\x08\x01\x00\x00\x00\x00\x00\x00\x80.'|^^^|b'\x80\x05\x95\x0b\x00\x00\x00\x00\x00\x00\x00\x8a\x08\x01\x00\x00\x00\x00\x00\x00\x80.'|^^^|15b45d132cebbe3445c855a169d338b326fc39154ec8ff2e9089d559e1d70717|^^^|15b45d132cebbe3445c855a169d338b326fc39154ec8ff2e9089d559e1d70717
3|^^^|b'\x80\x05\x95\x0c\x00\x00\x00\x00\x00\x00\x00\x8a\td\x00\x00\x00\x00\x00\x00\x80\x00.'|^^^|b'\x80\x05\x95\x0c\x00\x00\x00\x00\x00\x00\x00\x8a\td\x00\x00\x00\x00\x00\x00\x80\x00.'|^^^|b'\x80\x05\x95\x0c\x00\x00\x00\x00\x00\x00\x00\x8a\td\x00\x00\x00\x00\x00\x00\x80\x00.'|^^^|1ca3a068b7209f423409b70b68a0682fc85dcdfc529a36df64ee35e83fec40a9|^^^|1ca3a068b7209f423409b70b68a0682fc85dcdfc529a36df64ee35e83fec40a9
4|^^^|b'\x80\x05\x95\x0c\x00\x00\x00\x00\x00\x00\x00\x8a\t\xff\xff\xff\xff\xff\xff\xff\xff\x00.'|^^^|b'\x80\x05\x95\x0c\x00\x00\x00\x00\x00\x00\x00\x8a\t\xff\xff\xff\xff\xff\xff\xff\xff\x00.'|^^^|b'\x80\x05\x95\x0c\x00\x00\x00\x00\x00\x00\x00\x8a\t\xff\xff\xff\xff\xff\xff\xff\xff\x00.'|^^^|9e51044660a468184995087721c5a6e3c2971dd121120a19359b8e199faffe18|^^^|9e51044660a468184995087721c5a6e3c2971dd121120a19359b8e199faffe18
5|^^^|b'\x80\x05\x95\x0c\x00\x00\x00\x00\x00\x00\x00\x8a\t\x00\x00\x00\x00\x00\x00\x00\x00\x01.'|^^^|b'\x80\x05\x95\x0c\x00\x00\x00\x00\x00\x00\x00\x8a\t\x00\x00\x00\x00\x00\x00\x00\x00\x01.'|^^^|b'\x80\x05\x95\x0c\x00\x00\x00\x00\x00\x00\x00\x8a\t\x00\x00\x00\x00\x00\x00\x00\x00\x01.'|^^^|4a021930f6519b10bbc07ef29aa6e3734ab1e67ab1b5c8e9506275690bba1f28|^^^|4a021930f6519b10bbc07ef29aa6e3734ab1e67ab1b5c8e9506275690bba1f28
6|^^^|b'\x80\x05\x95\n\x00\x00\x00\x00\x00\x00\x00G@$\x00\x00\x00\x00\x00\x00.'|^^^|b'\x80\x05\x95\n\x00\x00\x00\x00\x00\x00\x00G@$\x00\x00\x00\x00\x00\x00.'|^^^|b'\x80\x05\x95\n\x00\x00\x00\x00\x00\x00\x00G@$\x00\x00\x00\x00\x00\x00.'|^^^|eeb6e987f4c6c579468fd4e30fcf389ce64fdea3a886668e7dc29e353b74d700|^^^|eeb6e987f4c6c579468fd4e30fcf389ce64fdea3a886668e7dc29e353b74d700
7|^^^|b'\x80\x05\x95\n\x00\x00\x00\x00\x00\x00\x00G?2Y\x9e\xd7\xcb4\xb0.'|^^^|b'\x80\x05\x95\n\x00\x00\x00\x00\x00\x00\x00G?2Y\x9e\xd7\xcb4\xb0.'|^^^|b'\x80\x05\x95\n\x00\x00\x00\x00\x00\x00\x00G?2Y\x9e\xd7\xcb4\xb0.'|^^^|d7cc2c181c9534d1a37c2aa5f6b5f2946d167e45d89725c10b6c1fc90e418607|^^^|d7cc2c181c9534d1a37c2aa5f6b5f2946d167e45d89725c10b6c1fc90e418607
8|^^^|b'\x80\x05\x95\n\x00\x00\x00\x00\x00\x00\x00G?\xbf\x9a\xdd7F\xf6Y.'|^^^|b'\x80\x05\x95\n\x00\x00\x00\x00\x00\x00\x00G?\xbf\x9a\xdd7F\xf6Y.'|^^^|b'\x80\x05\x95\n\x00\x00\x00\x00\x00\x00\x00G?\xbf\x9a\xdd7F\xf6Y.'|^^^|eafe32a7fe0c2428a025b5e47d0f0d38395f0c345dcb3b8ce64f9a3abb383207|^^^|eafe32a7fe0c2428a025b5e47d0f0d38395f0c345dcb3b8ce64f9a3abb383207
9|^^^|b'\x80\x05\x95\n\x00\x00\x00\x00\x00\x00\x00G?\xbf\x9a\xdd7F\xf6_.'|^^^|b'\x80\x05\x95\n\x00\x00\x00\x00\x00\x00\x00G?\xbf\x9a\xdd7F\xf6_.'|^^^|b'\x80\x05\x95\n\x00\x00\x00\x00\x00\x00\x00G?\xbf\x9a\xdd7F\xf6_.'|^^^|a3892d9cea14721143b43236e729a0f2b764a4ce0ec06a7eb484b576e7076124|^^^|a3892d9cea14721143b43236e729a0f2b764a4ce0ec06a7eb484b576e7076124
10|^^^|b'\x80\x05\x95\n\x00\x00\x00\x00\x00\x00\x00GA\xcdo4X\x8f\xcdo.'|^^^|b'\x80\x05\x95\n\x00\x00\x00\x00\x00\x00\x00GA\xcdo4X\x8f\xcdo.'|^^^|b'\x80\x05\x95\n\x00\x00\x00\x00\x00\x00\x00GA\xcdo4X\x8f\xcdo.'|^^^|41cefb757710ac940dc196f9117c6750153ac5120768a7e814bb08217aec04ef|^^^|41cefb757710ac940dc196f9117c6750153ac5120768a7e814bb08217aec04ef
11|^^^|b"\x80\x05\x95+\x00\x00\x00\x00\x00\x00\x00\x8c'No one inspects the spammish repetition\x94."|^^^|b"\x80\x05\x95+\x00\x00\x00\x00\x00\x00\x00\x8c'No one inspects the spammish repetition\x94."|^^^|b"\x80\x05\x95+\x00\x00\x00\x00\x00\x00\x00\x8c'No one inspects the spammish repetition\x94."|^^^|ef6678157c041bffa6a90c0d8dc8446792d522f277a46aaa4398f7fcdd133200|^^^|ef6678157c041bffa6a90c0d8dc8446792d522f277a46aaa4398f7fcdd133200
12|^^^|b'\x80\x05\x95\x84\x00\x00\x00\x00\x00\x00\x00\x8c\x80eeeeeeeeeeeeeeeeeeeeeeeeeeeeeeeeeeeeeeeeeeeeeeeeeeeeeeeeeeeeeeeeeeeeeeeeeeeeeeeeeeeeeeeeeeeeeeeeeeeeeeeeeeeeeeeeeeeeeeeeeeeeeeee\x94.'|^^^|b'\x80\x05\x95\x84\x00\x00\x00\x00\x00\x00\x00\x8c\x80eeeeeeeeeeeeeeeeeeeeeeeeeeeeeeeeeeeeeeeeeeeeeeeeeeeeeeeeeeeeeeeeeeeeeeeeeeeeeeeeeeeeeeeeeeeeeeeeeeeeeeeeeeeeeeeeeeeeeeeeeeeeeeee\x94.'|^^^|b'\x80\x05\x95\x84\x00\x00\x00\x00\x00\x00\x00\x8c\x80eeeeeeeeeeeeeeeeeeeeeeeeeeeeeeeeeeeeeeeeeeeeeeeeeeeeeeeeeeeeeeeeeeeeeeeeeeeeeeeeeeeeeeeeeeeeeeeeeeeeeeeeeeeeeeeeeeeeeeeeeeeeeeee\x94.'|^^^|d7b8159354467a2777ad0ffc91e8224df983d0de035473c84e97fd6bc18c662d|^^^|d7b8159354467a2777ad0ffc91e8224df983d0de035473c84e97fd6bc18c662d
13|^^^|b'\x80\x05\x95\x04\x00\x00\x00\x00\x00\x00\x00\x8c\x00\x94.'|^^^|b'\x80\x05\x95\x04\x00\x00\x00\x00\x00\x00\x00\x8c\x00\x94.'|^^^|b'\x80\x05\x95\x04\x00\x00\x00\x00\x00\x00\x00\x8c\x00\x94.'|^^^|3279c4b947f331d055c47442171c9ea17712596bd7fe094c31d4a5d432b42d68|^^^|3279c4b947f331d055c47442171c9ea17712596bd7fe094c31d4a5d432b42d68
14|^^^|b'\x80\x05]\x94.'|^^^|b'\x80\x05]\x94.'|^^^|b'\x80\x05]\x94.'|^^^|3fe4a92ad75f98888c0fdc32304e33df0191042a9f85c4d1c59ea2ca284412c0|^^^|3fe4a92ad75f98888c0fdc32304e33df0191042a9f85c4d1c59ea2ca284412c0
15|^^^|b'\x80\x05\x95\r\x00\x00\x00\x00\x00\x00\x00]\x94G?\xd4\xbcj~\xf9\xdb#a.'|^^^|b'\x80\x05\x95\r\x00\x00\x00\x00\x00\x00\x00]\x94G?\xd4\xbcj~\xf9\xdb#a.'|^^^|b'\x80\x05\x95\r\x00\x00\x00\x00\x00\x00\x00]\x94G?\xd4\xbcj~\xf9\xdb#a.'|^^^|9d26e8fc1afe452b85863d67bd9173975e2d5d0fb43446a8983f8d411e59a07e|^^^|9d26e8fc1afe452b85863d67bd9173975e2d5d0fb43446a8983f8d411e59a07e
16|^^^|b'\x80\x05\x95\x06\x00\x00\x00\x00\x00\x00\x00]\x94K\xeaa.'|^^^|b'\x80\x05\x95\x06\x00\x00\x00\x00\x00\x00\x00]\x94K\xeaa.'|^^^|b'\x80\x05\x95\x06\x00\x00\x00\x00\x00\x00\x00]\x94K\xeaa.'|^^^|00d01a6d24564d2a6d82294bd5c4eece4d7682edbff4fa3e410ae50e62711869|^^^|00d01a6d24564d2a6d82294bd5c4eece4d7682edbff4fa3e410ae50e62711869
17|^^^|b'\x80\x05\x95\x0b\x00\x00\x00\x00\x00\x00\x00]\x94\x8c\x04ddsf\x94a.'|^^^|b'\x80\x05\x95\x0b\x00\x00\x00\x00\x00\x00\x00]\x94\x8c\x04ddsf\x94a.'|^^^|b'\x80\x05\x95\x0b\x00\x00\x00\x00\x00\x00\x00]\x94\x8c\x04ddsf\x94a.'|^^^|a40e180e6787eb97667a5f07d790835b0e5b3705af259dd116cd6f408a2f40f2|^^^|a40e180e6787eb97667a5f07d790835b0e5b3705af259dd116cd6f408a2f40f2
18|^^^|b'\x80\x05\x95\x17\x00\x00\x00\x00\x00\x00\x00]\x94(G?\xd4\xbcj~\xf9\xdb#K\xea\x8c\x043dsf\x94e.'|^^^|b'\x80\x05\x95\x17\x00\x00\x00\x00\x00\x00\x00]\x94(G?\xd4\xbcj~\xf9\xdb#K\xea\x8c\x043dsf\x94e.'|^^^|b'\x80\x05\x95\x17\x00\x00\x00\x00\x00\x00\x00]\x94(G?\xd4\xbcj~\xf9\xdb#K\xea\x8c\x043dsf\x94e.'|^^^|653c5744033223f96512c35102d8a0e2b85d4c2fc7f0c4d5acb0f3402c33636a|^^^|653c5744033223f96512c35102d8a0e2b85d4c2fc7f0c4d5acb0f3402c33636a
19|^^^|b'\x80\x05\x95\x85\x00\x00\x00\x00\x00\x00\x00]\x94(K\x00K\x01K\x02K\x03K\x04K\x05K\x06K\x07K\x08K\tK\nK\x0bK\x0cK\rK\x0eK\x0fK\x10K\x11K\x12K\x13K\x14K\x15K\x16K\x17K\x18K\x19K\x1aK\x1bK\x1cK\x1dK\x1eK\x1fK K!K"K#K$K%K&K\'K(K)K*K+K,K-K.K/K0K1K2K3K4K5K6K7K8K9K:K;K<K=K>K?e.'|^^^|b'\x80\x05\x95\x85\x00\x00\x00\x00\x00\x00\x00]\x94(K\x00K\x01K\x02K\x03K\x04K\x05K\x06K\x07K\x08K\tK\nK\x0bK\x0cK\rK\x0eK\x0fK\x10K\x11K\x12K\x13K\x14K\x15K\x16K\x17K\x18K\x19K\x1aK\x1bK\x1cK\x1dK\x1eK\x1fK K!K"K#K$K%K&K\'K(K)K*K+K,K-K.K/K0K1K2K3K4K5K6K7K8K9K:K;K<K=K>K?e.'|^^^|b'\x80\x05\x95\x85\x00\x00\x00\x00\x00\x00\x00]\x94(K\x00K\x01K\x02K\x03K\x04K\x05K\x06K\x07K\x08K\tK\nK\x0bK\x0cK\rK\x0eK\x0fK\x10K\x11K\x12K\x13K\x14K\x15K\x16K\x17K\x18K\x19K\x1aK\x1bK\x1cK\x1dK\x1eK\x1fK K!K"K#K$K%K&K\'K(K)K*K+K,K-K.K/K0K1K2K3K4K5K6K7K8K9K:K;K<K=K>K?e.'|^^^|afdcf2ef0d61860f3647cd3fa1a64aa05cb29acd5177949b6bafe55987d516f0|^^^|afdcf2ef0d61860f3647cd3fa1a64aa05cb29acd5177949b6bafe55987d516f0
20|^^^|b'\x80\x05\x95\x87\x00\x00\x00\x00\x00\x00\x00]\x94(K\x00K\x01K\x02K\x03K\x04K\x05K\x06K\x07K\x08K\tK\nK\x0bK\x0cK\rK\x0eK\x0fK\x10K\x11K\x12K\x13K\x14K\x15K\x16K\x17K\x18K\x19K\x1aK\x1bK\x1cK\x1dK\x1eK\x1fK K!K"K#K$K%K&K\'K(K)K*K+K,K-K.K/K0K1K2K3K4K5K6K7K8K9K:K;K<K=K>K?K@e.'|^^^|b'\x80\x05\x95\x87\x00\x00\x00\x00\x00\x00\x00]\x94(K\x00K\x01K\x02K\x03K\x04K\x05K\x06K\x07K\x08K\tK\nK\x0bK\x0cK\rK\x0eK\x0fK\x10K\x11K\x12K\x13K\x14K\x15K\x16K\x17K\x18K\x19K\x1aK\x1bK\x1cK\x1dK\x1eK\x1fK K!K"K#K$K%K&K\'K(K)K*K+K,K-K.K/K0K1K2K3K4K5K6K7K8K9K:K;K<K=K>K?K@e.'|^^^|b'\x80\x05\x95\x87\x00\x00\x00\x00\x00\x00\x00]\x94(K\x00K\x01K\x02K\x03K\x04K\x05K\x06K\x07K\x08K\tK\nK\x0bK\x0cK\rK\x0eK\x0fK\x10K\x11K\x12K\x13K\x14K\x15K\x16K\x17K\x18K\x19K\x1aK\x1bK\x1cK\x1dK\x1eK\x1fK K!K"K#K$K%K&K\'K(K)K*K+K,K-K.K/K0K1K2K3K4K5K6K7K8K9K:K;K<K=K>K?K@e.'|^^^|2091e2a07ab056618fad0186f3e1aed6fdcb0fbe81c05ecc3d4d9fe60c8b42de|^^^|2091e2a07ab056618fad0186f3e1aed6fdcb0fbe81c05ecc3d4d9fe60c8b42de
21|^^^|b'\x80\x05\x95\x1c\x00\x00\x00\x00\x00\x00\x00(\x8c\x011\x94\x8c\x012\x94\x8c\x013\x94\x8c\x014\x94\x8c\x015\x94\x8c\x016\x94t\x94.'|^^^|b'\x80\x05\x95\x1c\x00\x00\x00\x00\x00\x00\x00(\x8c\x011\x94\x8c\x012\x94\x8c\x013\x94\x8c\x014\x94\x8c\x015\x94\x8c\x016\x94t\x94.'|^^^|b'\x80\x05\x95\x1c\x00\x00\x00\x00\x00\x00\x00(\x8c\x011\x94\x8c\x012\x94\x8c\x013\x94\x8c\x014\x94\x8c\x015\x94\x8c\x016\x94t\x94.'|^^^|06b0551372e5213751c6f4f37bcbaba364052cf6b595689adf3da6f3bc2c3d78|^^^|06b0551372e5213751c6f4f37bcbaba364052cf6b595689adf3da6f3bc2c3d78
22|^^^|b'\x80\x05).'|^^^|b'\x80\x05).'|^^^|b'\x80\x05).'|^^^|4d2bde2bcd7529f75df8685357afae6f49a6792a5e61bbb22a51ae121291bf57|^^^|4d2bde2bcd7529f75df8685357afae6f49a6792a5e61bbb22a51ae121291bf57
0|^^|b'\x80\x05\x95\x04\x00\x00\x00\x00\x00\x00\x00M9\x05.'|^^|b'\x80\x05\x95\x04\x00\x00\x00\x00\x00\x00\x00M9\x05.'|^^|b'\x80\x05\x95\x04\x00\x00\x00\x00\x00\x00\x00M9\x05.'|^^|554d914653c638d92eb2ce3fdd47d40c0cbad7f3da81e43709ca64ffc1cce1af|^^|554d914653c638d92eb2ce3fdd47d40c0cbad7f3da81e43709ca64ffc1cce1af
1|^^|b'\x80\x05\x95\x0b\x00\x00\x00\x00\x00\x00\x00\x8a\x08\xff\xff\xff\xff\xff\xff\xff\x7f.'|^^|b'\x80\x05\x95\x0b\x00\x00\x00\x00\x00\x00\x00\x8a\x08\xff\xff\xff\xff\xff\xff\xff\x7f.'|^^|b'\x80\x05\x95\x0b\x00\x00\x00\x00\x00\x00\x00\x8a\x08\xff\xff\xff\xff\xff\xff\xff\x7f.'|^^|726085f7db270f7bd6a251a3a0e828c6b97785b5e9dfe5378ce2515fe533ff9c|^^|726085f7db270f7bd6a251a3a0e828c6b97785b5e9dfe5378ce2515fe533ff9c
2|^^|b'\x80\x05\x95\x0b\x00\x00\x00\x00\x00\x00\x00\x8a\x08\x01\x00\x00\x00\x00\x00\x00\x80.'|^^|b'\x80\x05\x95\x0b\x00\x00\x00\x00\x00\x00\x00\x8a\x08\x01\x00\x00\x00\x00\x00\x00\x80.'|^^|b'\x80\x05\x95\x0b\x00\x00\x00\x00\x00\x00\x00\x8a\x08\x01\x00\x00\x00\x00\x00\x00\x80.'|^^|15b45d132cebbe3445c855a169d338b326fc39154ec8ff2e9089d559e1d70717|^^|15b45d132cebbe3445c855a169d338b326fc39154ec8ff2e9089d559e1d70717
3|^^|b'\x80\x05\x95\x0c\x00\x00\x00\x00\x00\x00\x00\x8a\td\x00\x00\x00\x00\x00\x00\x80\x00.'|^^|b'\x80\x05\x95\x0c\x00\x00\x00\x00\x00\x00\x00\x8a\td\x00\x00\x00\x00\x00\x00\x80\x00.'|^^|b'\x80\x05\x95\x0c\x00\x00\x00\x00\x00\x00\x00\x8a\td\x00\x00\x00\x00\x00\x00\x80\x00.'|^^|1ca3a068b7209f423409b70b68a0682fc85dcdfc529a36df64ee35e83fec40a9|^^|1ca3a068b7209f423409b70b68a0682fc85dcdfc529a36df64ee35e83fec40a9
4|^^|b'\x80\x05\x95\x0c\x00\x00\x00\x00\x00\x00\x00\x8a\t\xff\xff\xff\xff\xff\xff\xff\xff\x00.'|^^|b'\x80\x05\x95\x0c\x00\x00\x00\x00\x00\x00\x00\x8a\t\xff\xff\xff\xff\xff\xff\xff\xff\x00.'|^^|b'\x80\x05\x95\x0c\x00\x00\x00\x00\x00\x00\x00\x8a\t\xff\xff\xff\xff\xff\xff\xff\xff\x00.'|^^|9e51044660a468184995087721c5a6e3c2971dd121120a19359b8e199faffe18|^^|9e51044660a468184995087721c5a6e3c2971dd121120a19359b8e199faffe18
5|^^|b'\x80\x05\x95\x0c\x00\x00\x00\x00\x00\x00\x00\x8a\t\x00\x00\x00\x00\x00\x00\x00\x00\x01.'|^^|b'\x80\x05\x95\x0c\x00\x00\x00\x00\x00\x00\x00\x8a\t\x00\x00\x00\x00\x00\x00\x00\x00\x01.'|^^|b'\x80\x05\x95\x0c\x00\x00\x00\x00\x00\x00\x00\x8a\t\x00\x00\x00\x00\x00\x00\x00\x00\x01.'|^^|4a021930f6519b10bbc07ef29aa6e3734ab1e67ab1b5c8e9506275690bba1f28|^^|4a021930f6519b10bbc07ef29aa6e3734ab1e67ab1b5c8e9506275690bba1f28
6|^^|b'\x80\x05\x95\n\x00\x00\x00\x00\x00\x00\x00G@$\x00\x00\x00\x00\x00\x00.'|^^|b'\x80\x05\x95\n\x00\x00\x00\x00\x00\x00\x00G@$\x00\x00\x00\x00\x00\x00.'|^^|b'\x80\x05\x95\n\x00\x00\x00\x00\x00\x00\x00G@$\x00\x00\x00\x00\x00\x00.'|^^|eeb6e987f4c6c579468fd4e30fcf389ce64fdea3a886668e7dc29e353b74d700|^^|eeb6e987f4c6c579468fd4e30fcf389ce64fdea3a886668e7dc29e353b74d700
7|^^|b'\x80\x05\x95\n\x00\x00\x00\x00\x00\x00\x00G?2Y\x9e\xd7\xcb4\xb0.'|^^|b'\x80\x05\x95\n\x00\x00\x00\x00\x00\x00\x00G?2Y\x9e\xd7\xcb4\xb0.'|^^|b'\x80\x05\x95\n\x00\x00\x00\x00\x00\x00\x00G?2Y\x9e\xd7\xcb4\xb0.'|^^|d7cc2c181c9534d1a37c2aa5f6b5f2946d167e45d89725c10b6c1fc90e418607|^^|d7cc2c181c9534d1a37c2aa5f6b5f2946d167e45d89725c10b6c1fc90e418607
8|^^|b'\x80\x05\x95\n\x00\x00\x00\x00\x00\x00\x00G?\xbf\x9a\xdd7F\xf6Y.'|^^|b'\x80\x05\x95\n\x00\x00\x00\x00\x00\x00\x00G?\xbf\x9a\xdd7F\xf6Y.'|^^|b'\x80\x05\x95\n\x00\x00\x00\x00\x00\x00\x00G?\xbf\x9a\xdd7F\xf6Y.'|^^|eafe32a7fe0c2428a025b5e47d0f0d38395f0c345dcb3b8ce64f9a3abb383207|^^|eafe32a7fe0c2428a025b5e47d0f0d38395f0c345dcb3b8ce64f9a3abb383207
9|^^|b'\x80\x05\x95\n\x00\x00\x00\x00\x00\x00\x00G?\xbf\x9a\xdd7F\xf6_.'|^^|b'\x80\x05\x95\n\x00\x00\x00\x00\x00\x00\x00G?\xbf\x9a\xdd7F\xf6_.'|^^|b'\x80\x05\x95\n\x00\x00\x00\x00\x00\x00\x00G?\xbf\x9a\xdd7F\xf6_.'|^^|a3892d9cea14721143b43236e729a0f2b764a4ce0ec06a7eb484b576e7076124|^^|a3892d9cea14721143b43236e729a0f2b764a4ce0ec06a7eb484b576e7076124
10|^^|b'\x80\x05\x95\n\x00\x00\x00\x00\x00\x00\x00GA\xcdo4X\x8f\xcdo.'|^^|b'\x80\x05\x95\n\x00\x00\x00\x00\x00\x00\x00GA\xcdo4X\x8f\xcdo.'|^^|b'\x80\x05\x95\n\x00\x00\x00\x00\x00\x00\x00GA\xcdo4X\x8f\xcdo.'|^^|41cefb757710ac940dc196f9117c6750153ac5120768a7e814bb08217aec04ef|^^|41cefb757710ac940dc196f9117c6750153ac5120768a7e814bb08217aec04ef
11|^^|b"\x80\x05\x95+\x00\x00\x00\x00\x00\x00\x00\x8c'No one inspects the spammish repetition\x94."|^^|b"\x80\x05\x95+\x00\x00\x00\x00\x00\x00\x00\x8c'No one inspects the spammish repetition\x94."|^^|b"\x80\x05\x95+\x00\x00\x00\x00\x00\x00\x00\x8c'No one inspects the spammish repetition\x94."|^^|ef6678157c041bffa6a90c0d8dc8446792d522f277a46aaa4398f7fcdd133200|^^|ef6678157c041bffa6a90c0d8dc8446792d522f277a46aaa4398f7fcdd133200
12|^^|b'\x80\x05\x95\x84\x00\x00\x00\x00\x00\x00\x00\x8c\x80eeeeeeeeeeeeeeeeeeeeeeeeeeeeeeeeeeeeeeeeeeeeeeeeeeeeeeeeeeeeeeeeeeeeeeeeeeeeeeeeeeeeeeeeeeeeeeeeeeeeeeeeeeeeeeeeeeeeeeeeeeeeeeee\x94.'|^^|b'\x80\x05\x95\x84\x00\x00\x00\x00\x00\x00\x00\x8c\x80eeeeeeeeeeeeeeeeeeeeeeeeeeeeeeeeeeeeeeeeeeeeeeeeeeeeeeeeeeeeeeeeeeeeeeeeeeeeeeeeeeeeeeeeeeeeeeeeeeeeeeeeeeeeeeeeeeeeeeeeeeeeeeee\x94.'|^^|b'\x80\x05\x95\x84\x00\x00\x00\x00\x00\x00\x00\x8c\x80eeeeeeeeeeeeeeeeeeeeeeeeeeeeeeeeeeeeeeeeeeeeeeeeeeeeeeeeeeeeeeeeeeeeeeeeeeeeeeeeeeeeeeeeeeeeeeeeeeeeeeeeeeeeeeeeeeeeeeeeeeeeeeee\x94.'|^^|d7b8159354467a2777ad0ffc91e8224df983d0de035473c84e97fd6bc18c662d|^^|d7b8159354467a2777ad0ffc91e8224df983d0de035473c84e97fd6bc18c662d
13|^^|b'\x80\x05\x95\x04\x00\x00\x00\x00\x00\x00\x00\x8c\x00\x94.'|^^|b'\x80\x05\x95\x04\x00\x00\x00\x00\x00\x00\x00\x8c\x00\x94.'|^^|b'\x80\x05\x95\x04\x00\x00\x00\x00\x00\x00\x00\x8c\x00\x94.'|^^|3279c4b947f331d055c47442171c9ea17712596bd7fe094c31d4a5d432b42d68|^^|3279c4b947f331d055c47442171c9ea17712596bd7fe094c31d4a5d432b42d68
14|^^|b'\x80\x05]\x94.'|^^|b'\x80\x05]\x94.'|^^|b'\x80\x05]\x94.'|^^|3fe4a92ad75f98888c0fdc32304e33df0191042a9f85c4d1c59ea2ca284412c0|^^|3fe4a92ad75f98888c0fdc32304e33df0191042a9f85c4d1c59ea2ca284412c0
15|^^|b'\x80\x05\x95\r\x00\x00\x00\x00\x00\x00\x00]\x94G?\xd4\xbcj~\xf9\xdb#a.'|^^|b'\x80\x05\x95\r\x00\x00\x00\x00\x00\x00\x00]\x94G?\xd4\xbcj~\xf9\xdb#a.'|^^|b'\x80\x05\x95\r\x00\x00\x00\x00\x00\x00\x00]\x94G?\xd4\xbcj~\xf9\xdb#a.'|^^|9d26e8fc1afe452b85863d67bd9173975e2d5d0fb43446a8983f8d411e59a07e|^^|9d26e8fc1afe452b85863d67bd9173975e2d5d0fb43446a8983f8d411e59a07e
16|^^|b'\x80\x05\x95\x06\x00\x00\x00\x00\x00\x00\x00]\x94K\xeaa.'|^^|b'\x80\x05\x95\x06\x00\x00\x00\x00\x00\x00\x00]\x94K\xeaa.'|^^|b'\x80\x05\x95\x06\x00\x00\x00\x00\x00\x00\x00]\x94K\xeaa.'|^^|00d01a6d24564d2a6d82294bd5c4eece4d7682edbff4fa3e410ae50e62711869|^^|00d01a6d24564d2a6d82294bd5c4eece4d7682edbff4fa3e410ae50e62711869
17|^^|b'\x80\x05\x95\x0b\x00\x00\x00\x00\x00\x00\x00]\x94\x8c\x04ddsf\x94a.'|^^|b'\x80\x05\x95\x0b\x00\x00\x00\x00\x00\x00\x00]\x94\x8c\x04ddsf\x94a.'|^^|b'\x80\x05\x95\x0b\x00\x00\x00\x00\x00\x00\x00]\x94\x8c\x04ddsf\x94a.'|^^|a40e180e6787eb97667a5f07d790835b0e5b3705af259dd116cd6f408a2f40f2|^^|a40e180e6787eb97667a5f07d790835b0e5b3705af259dd116cd6f408a2f40f2
18|^^|b'\x80\x05\x95\x17\x00\x00\x00\x00\x00\x00\x00]\x94(G?\xd4\xbcj~\xf9\xdb#K\xea\x8c\x043dsf\x94e.'|^^|b'\x80\x05\x95\x17\x00\x00\x00\x00\x00\x00\x00]\x94(G?\xd4\xbcj~\xf9\xdb#K\xea\x8c\x043dsf\x94e.'|^^|b'\x80\x05\x95\x17\x00\x00\x00\x00\x00\x00\x00]\x94(G?\xd4\xbcj~\xf9\xdb#K\xea\x8c\x043dsf\x94e.'|^^|653c5744033223f96512c35102d8a0e2b85d4c2fc7f0c4d5acb0f3402c33636a|^^|653c5744033223f96512c35102d8a0e2b85d4c2fc7f0c4d5acb0f3402c33636a
19|^^|b'\x80\x05\x95\x85\x00\x00\x00\x00\x00\x00\x00]\x94(K\x00K\x01K\x02K\x03K\x04K\x05K\x06K\x07K\x08K\tK\nK\x0bK\x0cK\rK\x0eK\x0fK\x10K\x11K\x12K\x13K\x14K\x15K\x16K\x17K\x18K\x19K\x1aK\x1bK\x1cK\x1dK\x1eK\x1fK K!K"K#K$K%K&K\'K(K)K*K+K,K-K.K/K0K1K2K3K4K5K6K7K8K9K:K;K<K=K>K?e.'|^^|b'\x80\x05\x95\x85\x00\x00\x00\x00\x00\x00\x00]\x94(K\x00K\x01K\x02K\x03K\x04K\x05K\x06K\x07K\x08K\tK\nK\x0bK\x0cK\rK\x0eK\x0fK\x10K\x11K\x12K\x13K\x14K\x15K\x16K\x17K\x18K\x19K\x1aK\x1bK\x1cK\x1dK\x1eK\x1fK K!K"K#K$K%K&K\'K(K)K*K+K,K-K.K/K0K1K2K3K4K5K6K7K8K9K:K;K<K=K>K?e.'|^^|b'\x80\x05\x95\x85\x00\x00\x00\x00\x00\x00\x00]\x94(K\x00K\x01K\x02K\x03K\x04K\x05K\x06K\x07K\x08K\tK\nK\x0bK\x0cK\rK\x0eK\x0fK\x10K\x11K\x12K\x13K\x14K\x15K\x16K\x17K\x18K\x19K\x1aK\x1bK\x1cK\x1dK\x1eK\x1fK K!K"K#K$K%K&K\'K(K)K*K+K,K-K.K/K0K1K2K3K4K5K6K7K8K9K:K;K<K=K>K?e.'|^^|afdcf2ef0d61860f3647cd3fa1a64aa05cb29acd5177949b6bafe55987d516f0|^^|afdcf2ef0d61860f3647cd3fa1a64aa05cb29acd5177949b6bafe55987d516f0
20|^^|b'\x80\x05\x95\x87\x00\x00\x00\x00\x00\x00\x00]\x94(K\x00K\x01K\x02K\x03K\x04K\x05K\x06K\x07K\x08K\tK\nK\x0bK\x0cK\rK\x0eK\x0fK\x10K\x11K\x12K\x13K\x14K\x15K\x16K\x17K\x18K\x19K\x1aK\x1bK\x1cK\x1dK\x1eK\x1fK K!K"K#K$K%K&K\'K(K)K*K+K,K-K.K/K0K1K2K3K4K5K6K7K8K9K:K;K<K=K>K?K@e.'|^^|b'\x80\x05\x95\x87\x00\x00\x00\x00\x00\x00\x00]\x94(K\x00K\x01K\x02K\x03K\x04K\x05K\x06K\x07K\x08K\tK\nK\x0bK\x0cK\rK\x0eK\x0fK\x10K\x11K\x12K\x13K\x14K\x15K\x16K\x17K\x18K\x19K\x1aK\x1bK\x1cK\x1dK\x1eK\x1fK K!K"K#K$K%K&K\'K(K)K*K+K,K-K.K/K0K1K2K3K4K5K6K7K8K9K:K;K<K=K>K?K@e.'|^^|b'\x80\x05\x95\x87\x00\x00\x00\x00\x00\x00\x00]\x94(K\x00K\x01K\x02K\x03K\x04K\x05K\x06K\x07K\x08K\tK\nK\x0bK\x0cK\rK\x0eK\x0fK\x10K\x11K\x12K\x13K\x14K\x15K\x16K\x17K\x18K\x19K\x1aK\x1bK\x1cK\x1dK\x1eK\x1fK K!K"K#K$K%K&K\'K(K)K*K+K,K-K.K/K0K1K2K3K4K5K6K7K8K9K:K;K<K=K>K?K@e.'|^^|2091e2a07ab056618fad0186f3e1aed6fdcb0fbe81c05ecc3d4d9fe60c8b42de|^^|2091e2a07ab056618fad0186f3e1aed6fdcb0fbe81c05ecc3d4d9fe60c8b42de
21|^^|b'\x80\x05\x95\x1c\x00\x00\x00\x00\x00\x00\x00(\x8c\x011\x94\x8c\x012\x94\x8c\x013\x94\x8c\x014\x94\x8c\x015\x94\x8c\x016\x94t\x94.'|^^|b'\x80\x05\x95\x1c\x00\x00\x00\x00\x00\x00\x00(\x8c\x011\x94\x8c\x012\x94\x8c\x013\x94\x8c\x014\x94\x8c\x015\x94\x8c\x016\x94t\x94.'|^^|b'\x80\x05\x95\x1c\x00\x00\x00\x00\x00\x00\x00(\x8c\x011\x94\x8c\x012\x94\x8c\x013\x94\x8c\x014\x94\x8c\x015\x94\x8c\x016\x94t\x94.'|^^|06b0551372e5213751c6f4f37bcbaba364052cf6b595689adf3da6f3bc2c3d78|^^|06b0551372e5213751c6f4f37bcbaba364052cf6b595689adf3da6f3bc2c3d78
22|^^|b'\x80\x05).'|^^|b'\x80\x05).'|^^|b'\x80\x05).'|^^|4d2bde2bcd7529f75df8685357afae6f49a6792a5e61bbb22a51ae121291bf57|^^|4d2bde2bcd7529f75df8685357afae6f49a6792a5e61bbb22a51ae121291bf57
0|^^|b'\x80\x05\x95\x04\x00\x00\x00\x00\x00\x00\x00M9\x05.'|^^|b'\x80\x05\x95\x04\x00\x00\x00\x00\x00\x00\x00M9\x05.'|^^|b'\x80\x05\x95\x04\x00\x00\x00\x00\x00\x00\x00M9\x05.'|^^|554d914653c638d92eb2ce3fdd47d40c0cbad7f3da81e43709ca64ffc1cce1af|^^|554d914653c638d92eb2ce3fdd47d40c0cbad7f3da81e43709ca64ffc1cce1af
1|^^|b'\x80\x05\x95\x0b\x00\x00\x00\x00\x00\x00\x00\x8a\x08\xff\xff\xff\xff\xff\xff\xff\x7f.'|^^|b'\x80\x05\x95\x0b\x00\x00\x00\x00\x00\x00\x00\x8a\x08\xff\xff\xff\xff\xff\xff\xff\x7f.'|^^|b'\x80\x05\x95\x0b\x00\x00\x00\x00\x00\x00\x00\x8a\x08\xff\xff\xff\xff\xff\xff\xff\x7f.'|^^|726085f7db270f7bd6a251a3a0e828c6b97785b5e9dfe5378ce2515fe533ff9c|^^|726085f7db270f7bd6a251a3a0e828c6b97785b5e9dfe5378ce2515fe533ff9c
2|^^|b'\x80\x05\x95\x0b\x00\x00\x00\x00\x00\x00\x00\x8a\x08\x01\x00\x00\x00\x00\x00\x00\x80.'|^^|b'\x80\x05\x95\x0b\x00\x00\x00\x00\x00\x00\x00\x8a\x08\x01\x00\x00\x00\x00\x00\x00\x80.'|^^|b'\x80\x05\x95\x0b\x00\x00\x00\x00\x00\x00\x00\x8a\x08\x01\x00\x00\x00\x00\x00\x00\x80.'|^^|15b45d132cebbe3445c855a169d338b326fc39154ec8ff2e9089d559e1d70717|^^|15b45d132cebbe3445c855a169d338b326fc39154ec8ff2e9089d559e1d70717
3|^^|b'\x80\x05\x95\x0c\x00\x00\x00\x00\x00\x00\x00\x8a\td\x00\x00\x00\x00\x00\x00\x80\x00.'|^^|b'\x80\x05\x95\x0c\x00\x00\x00\x00\x00\x00\x00\x8a\td\x00\x00\x00\x00\x00\x00\x80\x00.'|^^|b'\x80\x05\x95\x0c\x00\x00\x00\x00\x00\x00\x00\x8a\td\x00\x00\x00\x00\x00\x00\x80\x00.'|^^|1ca3a068b7209f423409b70b68a0682fc85dcdfc529a36df64ee35e83fec40a9|^^|1ca3a068b7209f423409b70b68a0682fc85dcdfc529a36df64ee35e83fec40a9
4|^^|b'\x80\x05\x95\x0c\x00\x00\x00\x00\x00\x00\x00\x8a\t\xff\xff\xff\xff\xff\xff\xff\xff\x00.'|^^|b'\x80\x05\x95\x0c\x00\x00\x00\x00\x00\x00\x00\x8a\t\xff\xff\xff\xff\xff\xff\xff\xff\x00.'|^^|b'\x80\x05\x95\x0c\x00\x00\x00\x00\x00\x00\x00\x8a\t\xff\xff\xff\xff\xff\xff\xff\xff\x00.'|^^|9e51044660a468184995087721c5a6e3c2971dd121120a19359b8e199faffe18|^^|9e51044660a468184995087721c5a6e3c2971dd121120a19359b8e199faffe18
5|^^|b'\x80\x05\x95\x0c\x00\x00\x00\x00\x00\x00\x00\x8a\t\x00\x00\x00\x00\x00\x00\x00\x00\x01.'|^^|b'\x80\x05\x95\x0c\x00\x00\x00\x00\x00\x00\x00\x8a\t\x00\x00\x00\x00\x00\x00\x00\x00\x01.'|^^|b'\x80\x05\x95\x0c\x00\x00\x00\x00\x00\x00\x00\x8a\t\x00\x00\x00\x00\x00\x00\x00\x00\x01.'|^^|4a021930f6519b10bbc07ef29aa6e3734ab1e67ab1b5c8e9506275690bba1f28|^^|4a021930f6519b10bbc07ef29aa6e3734ab1e67ab1b5c8e9506275690bba1f28
6|^^|b'\x80\x05\x95\n\x00\x00\x00\x00\x00\x00\x00G@$\x00\x00\x00\x00\x00\x00.'|^^|b'\x80\x05\x95\n\x00\x00\x00\x00\x00\x00\x00G@$\x00\x00\x00\x00\x00\x00.'|^^|b'\x80\x05\x95\n\x00\x00\x00\x00\x00\x00\x00G@$\x00\x00\x00\x00\x00\x00.'|^^|eeb6e987f4c6c579468fd4e30fcf389ce64fdea3a886668e7dc29e353b74d700|^^|eeb6e987f4c6c579468fd4e30fcf389ce64fdea3a886668e7dc29e353b74d700
7|^^|b'\x80\x05\x95\n\x00\x00\x00\x00\x00\x00\x00G?2Y\x9e\xd7\xcb4\xb0.'|^^|b'\x80\x05\x95\n\x00\x00\x00\x00\x00\x00\x00G?2Y\x9e\xd7\xcb4\xb0.'|^^|b'\x80\x05\x95\n\x00\x00\x00\x00\x00\x00\x00G?2Y\x9e\xd7\xcb4\xb0.'|^^|d7cc2c181c9534d1a37c2aa5f6b5f2946d167e45d89725c10b6c1fc90e418607|^^|d7cc2c181c9534d1a37c2aa5f6b5f2946d167e45d89725c10b6c1fc90e418607
8|^^|b'\x80\x05\x95\n\x00\x00\x00\x00\x00\x00\x00G?\xbf\x9a\xdd7F\xf6Y.'|^^|b'\x80\x05\x95\n\x00\x00\x00\x00\x00\x00\x00G?\xbf\x9a\xdd7F\xf6Y.'|^^|b'\x80\x05\x95\n\x00\x00\x00\x00\x00\x00\x00G?\xbf\x9a\xdd7F\xf6Y.'|^^|eafe32a7fe0c2428a025b5e47d0f0d38395f0c345dcb3b8ce64f9a3abb383207|^^|eafe32a7fe0c2428a025b5e47d0f0d38395f0c345dcb3b8ce64f9a3abb383207
9|^^|b'\x80\x05\x95\n\x00\x00\x00\x00\x00\x00\x00G?\xbf\x9a\xdd7F\xf6_.'|^^|b'\x80\x05\x95\n\x00\x00\x00\x00\x00\x00\x00G?\xbf\x9a\xdd7F\xf6_.'|^^|b'\x80\x05\x95\n\x00\x00\x00\x00\x00\x00\x00G?\xbf\x9a\xdd7F\xf6_.'|^^|a3892d9cea14721143b43236e729a0f2b764a4ce0ec06a7eb484b576e7076124|^^|a3892d9cea14721143b43236e729a0f2b764a4ce0ec06a7eb484b576e7076124
10|^^|b'\x80\x05\x95\n\x00\x00\x00\x00\x00\x00\x00GA\xcdo4X\x8f\xcdo.'|^^|b'\x80\x05\x95\n\x00\x00\x00\x00\x00\x00\x00GA\xcdo4X\x8f\xcdo.'|^^|b'\x80\x05\x95\n\x00\x00\x00\x00\x00\x00\x00GA\xcdo4X\x8f\xcdo.'|^^|41cefb757710ac940dc196f9117c6750153ac5120768a7e814bb08217aec04ef|^^|41cefb757710ac940dc196f9117c6750153ac5120768a7e814bb08217aec04ef
11|^^|b"\x80\x05\x95+\x00\x00\x00\x00\x00\x00\x00\x8c'No one inspects the spammish repetition\x94."|^^|b"\x80\x05\x95+\x00\x00\x00\x00\x00\x00\x00\x8c'No one inspects the spammish repetition\x94."|^^|b"\x80\x05\x95+\x00\x00\x00\x00\x00\x00\x00\x8c'No one inspects the spammish repetition\x94."|^^|ef6678157c041bffa6a90c0d8dc8446792d522f277a46aaa4398f7fcdd133200|^^|ef6678157c041bffa6a90c0d8dc8446792d522f277a46aaa4398f7fcdd133200
12|^^|b'\x80\x05\x95\x84\x00\x00\x00\x00\x00\x00\x00\x8c\x80eeeeeeeeeeeeeeeeeeeeeeeeeeeeeeeeeeeeeeeeeeeeeeeeeeeeeeeeeeeeeeeeeeeeeeeeeeeeeeeeeeeeeeeeeeeeeeeeeeeeeeeeeeeeeeeeeeeeeeeeeeeeeeee\x94.'|^^|b'\x80\x05\x95\x84\x00\x00\x00\x00\x00\x00\x00\x8c\x80eeeeeeeeeeeeeeeeeeeeeeeeeeeeeeeeeeeeeeeeeeeeeeeeeeeeeeeeeeeeeeeeeeeeeeeeeeeeeeeeeeeeeeeeeeeeeeeeeeeeeeeeeeeeeeeeeeeeeeeeeeeeeeee\x94.'|^^|b'\x80\x05\x95\x84\x00\x00\x00\x00\x00\x00\x00\x8c\x80eeeeeeeeeeeeeeeeeeeeeeeeeeeeeeeeeeeeeeeeeeeeeeeeeeeeeeeeeeeeeeeeeeeeeeeeeeeeeeeeeeeeeeeeeeeeeeeeeeeeeeeeeeeeeeeeeeeeeeeeeeeeeeee\x94.'|^^|d7b8159354467a2777ad0ffc91e8224df983d0de035473c84e97fd6bc18c662d|^^|d7b8159354467a2777ad0ffc91e8224df983d0de035473c84e97fd6bc18c662d
13|^^|b'\x80\x05\x95\x04\x00\x00\x00\x00\x00\x00\x00\x8c\x00\x94.'|^^|b'\x80\x05\x95\x04\x00\x00\x00\x00\x00\x00\x00\x8c\x00\x94.'|^^|b'\x80\x05\x95\x04\x00\x00\x00\x00\x00\x00\x00\x8c\x00\x94.'|^^|3279c4b947f331d055c47442171c9ea17712596bd7fe094c31d4a5d432b42d68|^^|3279c4b947f331d055c47442171c9ea17712596bd7fe094c31d4a5d432b42d68
14|^^|b'\x80\x05]\x94.'|^^|b'\x80\x05]\x94.'|^^|b'\x80\x05]\x94.'|^^|3fe4a92ad75f98888c0fdc32304e33df0191042a9f85c4d1c59ea2ca284412c0|^^|3fe4a92ad75f98888c0fdc32304e33df0191042a9f85c4d1c59ea2ca284412c0
15|^^|b'\x80\x05\x95\r\x00\x00\x00\x00\x00\x00\x00]\x94G?\xd4\xbcj~\xf9\xdb#a.'|^^|b'\x80\x05\x95\r\x00\x00\x00\x00\x00\x00\x00]\x94G?\xd4\xbcj~\xf9\xdb#a.'|^^|b'\x80\x05\x95\r\x00\x00\x00\x00\x00\x00\x00]\x94G?\xd4\xbcj~\xf9\xdb#a.'|^^|9d26e8fc1afe452b85863d67bd9173975e2d5d0fb43446a8983f8d411e59a07e|^^|9d26e8fc1afe452b85863d67bd9173975e2d5d0fb43446a8983f8d411e59a07e
16|^^|b'\x80\x05\x95\x06\x00\x00\x00\x00\x00\x00\x00]\x94K\xeaa.'|^^|b'\x80\x05\x95\x06\x00\x00\x00\x00\x00\x00\x00]\x94K\xeaa.'|^^|b'\x80\x05\x95\x06\x00\x00\x00\x00\x00\x00\x00]\x94K\xeaa.'|^^|00d01a6d24564d2a6d82294bd5c4eece4d7682edbff4fa3e410ae50e62711869|^^|00d01a6d24564d2a6d82294bd5c4eece4d7682edbff4fa3e410ae50e62711869
17|^^|b'\x80\x05\x95\x0b\x00\x00\x00\x00\x00\x00\x00]\x94\x8c\x04ddsf\x94a.'|^^|b'\x80\x05\x95\x0b\x00\x00\x00\x00\x00\x00\x00]\x94\x8c\x04ddsf\x94a.'|^^|b'\x80\x05\x95\x0b\x00\x00\x00\x00\x00\x00\x00]\x94\x8c\x04ddsf\x94a.'|^^|a40e180e6787eb97667a5f07d790835b0e5b3705af259dd116cd6f408a2f40f2|^^|a40e180e6787eb97667a5f07d790835b0e5b3705af259dd116cd6f408a2f40f2
18|^^|b'\x80\x05\x95\x17\x00\x00\x00\x00\x00\x00\x00]\x94(G?\xd4\xbcj~\xf9\xdb#K\xea\x8c\x043dsf\x94e.'|^^|b'\x80\x05\x95\x17\x00\x00\x00\x00\x00\x00\x00]\x94(G?\xd4\xbcj~\xf9\xdb#K\xea\x8c\x043dsf\x94e.'|^^|b'\x80\x05\x95\x17\x00\x00\x00\x00\x00\x00\x00]\x94(G?\xd4\xbcj~\xf9\xdb#K\xea\x8c\x043dsf\x94e.'|^^|653c5744033223f96512c35102d8a0e2b85d4c2fc7f0c4d5acb0f3402c33636a|^^|653c5744033223f96512c35102d8a0e2b85d4c2fc7f0c4d5acb0f3402c33636a
19|^^|b'\x80\x05\x95\x85\x00\x00\x00\x00\x00\x00\x00]\x94(K\x00K\x01K\x02K\x03K\x04K\x05K\x06K\x07K\x08K\tK\nK\x0bK\x0cK\rK\x0eK\x0fK\x10K\x11K\x12K\x13K\x14K\x15K\x16K\x17K\x18K\x19K\x1aK\x1bK\x1cK\x1dK\x1eK\x1fK K!K"K#K$K%K&K\'K(K)K*K+K,K-K.K/K0K1K2K3K4K5K6K7K8K9K:K;K<K=K>K?e.'|^^|b'\x80\x05\x95\x85\x00\x00\x00\x00\x00\x00\x00]\x94(K\x00K\x01K\x02K\x03K\x04K\x05K\x06K\x07K\x08K\tK\nK\x0bK\x0cK\rK\x0eK\x0fK\x10K\x11K\x12K\x13K\x14K\x15K\x16K\x17K\x18K\x19K\x1aK\x1bK\x1cK\x1dK\x1eK\x1fK K!K"K#K$K%K&K\'K(K)K*K+K,K-K.K/K0K1K2K3K4K5K6K7K8K9K:K;K<K=K>K?e.'|^^|b'\x80\x05\x95\x85\x00\x00\x00\x00\x00\x00\x00]\x94(K\x00K\x01K\x02K\x03K\x04K\x05K\x06K\x07K\x08K\tK\nK\x0bK\x0cK\rK\x0eK\x0fK\x10K\x11K\x12K\x13K\x14K\x15K\x16K\x17K\x18K\x19K\x1aK\x1bK\x1cK\x1dK\x1eK\x1fK K!K"K#K$K%K&K\'K(K)K*K+K,K-K.K/K0K1K2K3K4K5K6K7K8K9K:K;K<K=K>K?e.'|^^|afdcf2ef0d61860f3647cd3fa1a64aa05cb29acd5177949b6bafe55987d516f0|^^|afdcf2ef0d61860f3647cd3fa1a64aa05cb29acd5177949b6bafe55987d516f0
20|^^|b'\x80\x05\x95\x87\x00\x00\x00\x00\x00\x00\x00]\x94(K\x00K\x01K\x02K\x03K\x04K\x05K\x06K\x07K\x08K\tK\nK\x0bK\x0cK\rK\x0eK\x0fK\x10K\x11K\x12K\x13K\x14K\x15K\x16K\x17K\x18K\x19K\x1aK\x1bK\x1cK\x1dK\x1eK\x1fK K!K"K#K$K%K&K\'K(K)K*K+K,K-K.K/K0K1K2K3K4K5K6K7K8K9K:K;K<K=K>K?K@e.'|^^|b'\x80\x05\x95\x87\x00\x00\x00\x00\x00\x00\x00]\x94(K\x00K\x01K\x02K\x03K\x04K\x05K\x06K\x07K\x08K\tK\nK\x0bK\x0cK\rK\x0eK\x0fK\x10K\x11K\x12K\x13K\x14K\x15K\x16K\x17K\x18K\x19K\x1aK\x1bK\x1cK\x1dK\x1eK\x1fK K!K"K#K$K%K&K\'K(K)K*K+K,K-K.K/K0K1K2K3K4K5K6K7K8K9K:K;K<K=K>K?K@e.'|^^|b'\x80\x05\x95\x87\x00\x00\x00\x00\x00\x00\x00]\x94(K\x00K\x01K\x02K\x03K\x04K\x05K\x06K\x07K\x08K\tK\nK\x0bK\x0cK\rK\x0eK\x0fK\x10K\x11K\x12K\x13K\x14K\x15K\x16K\x17K\x18K\x19K\x1aK\x1bK\x1cK\x1dK\x1eK\x1fK K!K"K#K$K%K&K\'K(K)K*K+K,K-K.K/K0K1K2K3K4K5K6K7K8K9K:K;K<K=K>K?K@e.'|^^|2091e2a07ab056618fad0186f3e1aed6fdcb0fbe81c05ecc3d4d9fe60c8b42de|^^|2091e2a07ab056618fad0186f3e1aed6fdcb0fbe81c05ecc3d4d9fe60c8b42de
21|^^|b'\x80\x05\x95\x1c\x00\x00\x00\x00\x00\x00\x00(\x8c\x011\x94\x8c\x012\x94\x8c\x013\x94\x8c\x014\x94\x8c\x015\x94\x8c\x016\x94t\x94.'|^^|b'\x80\x05\x95\x1c\x00\x00\x00\x00\x00\x00\x00(\x8c\x011\x94\x8c\x012\x94\x8c\x013\x94\x8c\x014\x94\x8c\x015\x94\x8c\x016\x94t\x94.'|^^|b'\x80\x05\x95\x1c\x00\x00\x00\x00\x00\x00\x00(\x8c\x011\x94\x8c\x012\x94\x8c\x013\x94\x8c\x014\x94\x8c\x015\x94\x8c\x016\x94t\x94.'|^^|06b0551372e5213751c6f4f37bcbaba364052cf6b595689adf3da6f3bc2c3d78|^^|06b0551372e5213751c6f4f37bcbaba364052cf6b595689adf3da6f3bc2c3d78
22|^^|b'\x80\x05).'|^^|b'\x80\x05).'|^^|b'\x80\x05).'|^^|4d2bde2bcd7529f75df8685357afae6f49a6792a5e61bbb22a51ae121291bf57|^^|4d2bde2bcd7529f75df8685357afae6f49a6792a5e61bbb22a51ae121291bf57
0|^^|b'\x80\x05\x95\x04\x00\x00\x00\x00\x00\x00\x00M9\x05.'|^^|b'\x80\x05\x95\x04\x00\x00\x00\x00\x00\x00\x00M9\x05.'|^^|b'\x80\x05\x95\x04\x00\x00\x00\x00\x00\x00\x00M9\x05.'|^^|554d914653c638d92eb2ce3fdd47d40c0cbad7f3da81e43709ca64ffc1cce1af|^^|554d914653c638d92eb2ce3fdd47d40c0cbad7f3da81e43709ca64ffc1cce1af
1|^^|b'\x80\x05\x95\x0b\x00\x00\x00\x00\x00\x00\x00\x8a\x08\xff\xff\xff\xff\xff\xff\xff\x7f.'|^^|b'\x80\x05\x95\x0b\x00\x00\x00\x00\x00\x00\x00\x8a\x08\xff\xff\xff\xff\xff\xff\xff\x7f.'|^^|b'\x80\x05\x95\x0b\x00\x00\x00\x00\x00\x00\x00\x8a\x08\xff\xff\xff\xff\xff\xff\xff\x7f.'|^^|726085f7db270f7bd6a251a3a0e828c6b97785b5e9dfe5378ce2515fe533ff9c|^^|726085f7db270f7bd6a251a3a0e828c6b97785b5e9dfe5378ce2515fe533ff9c
2|^^|b'\x80\x05\x95\x0b\x00\x00\x00\x00\x00\x00\x00\x8a\x08\x01\x00\x00\x00\x00\x00\x00\x80.'|^^|b'\x80\x05\x95\x0b\x00\x00\x00\x00\x00\x00\x00\x8a\x08\x01\x00\x00\x00\x00\x00\x00\x80.'|^^|b'\x80\x05\x95\x0b\x00\x00\x00\x00\x00\x00\x00\x8a\x08\x01\x00\x00\x00\x00\x00\x00\x80.'|^^|15b45d132cebbe3445c855a169d338b326fc39154ec8ff2e9089d559e1d70717|^^|15b45d132cebbe3445c855a169d338b326fc39154ec8ff2e9089d559e1d70717
3|^^|b'\x80\x05\x95\x0c\x00\x00\x00\x00\x00\x00\x00\x8a\td\x00\x00\x00\x00\x00\x00\x80\x00.'|^^|b'\x80\x05\x95\x0c\x00\x00\x00\x00\x00\x00\x00\x8a\td\x00\x00\x00\x00\x00\x00\x80\x00.'|^^|b'\x80\x05\x95\x0c\x00\x00\x00\x00\x00\x00\x00\x8a\td\x00\x00\x00\x00\x00\x00\x80\x00.'|^^|1ca3a068b7209f423409b70b68a0682fc85dcdfc529a36df64ee35e83fec40a9|^^|1ca3a068b7209f423409b70b68a0682fc85dcdfc529a36df64ee35e83fec40a9
4|^^|b'\x80\x05\x95\x0c\x00\x00\x00\x00\x00\x00\x00\x8a\t\xff\xff\xff\xff\xff\xff\xff\xff\x00.'|^^|b'\x80\x05\x95\x0c\x00\x00\x00\x00\x00\x00\x00\x8a\t\xff\xff\xff\xff\xff\xff\xff\xff\x00.'|^^|b'\x80\x05\x95\x0c\x00\x00\x00\x00\x00\x00\x00\x8a\t\xff\xff\xff\xff\xff\xff\xff\xff\x00.'|^^|9e51044660a468184995087721c5a6e3c2971dd121120a19359b8e199faffe18|^^|9e51044660a468184995087721c5a6e3c2971dd121120a19359b8e199faffe18
5|^^|b'\x80\x05\x95\x0c\x00\x00\x00\x00\x00\x00\x00\x8a\t\x00\x00\x00\x00\x00\x00\x00\x00\x01.'|^^|b'\x80\x05\x95\x0c\x00\x00\x00\x00\x00\x00\x00\x8a\t\x00\x00\x00\x00\x00\x00\x00\x00\x01.'|^^|b'\x80\x05\x95\x0c\x00\x00\x00\x00\x00\x00\x00\x8a\t\x00\x00\x00\x00\x00\x00\x00\x00\x01.'|^^|4a021930f6519b10bbc07ef29aa6e3734ab1e67ab1b5c8e9506275690bba1f28|^^|4a021930f6519b10bbc07ef29aa6e3734ab1e67ab1b5c8e9506275690bba1f28
6|^^|b'\x80\x05\x95\n\x00\x00\x00\x00\x00\x00\x00G@$\x00\x00\x00\x00\x00\x00.'|^^|b'\x80\x05\x95\n\x00\x00\x00\x00\x00\x00\x00G@$\x00\x00\x00\x00\x00\x00.'|^^|b'\x80\x05\x95\n\x00\x00\x00\x00\x00\x00\x00G@$\x00\x00\x00\x00\x00\x00.'|^^|eeb6e987f4c6c579468fd4e30fcf389ce64fdea3a886668e7dc29e353b74d700|^^|eeb6e987f4c6c579468fd4e30fcf389ce64fdea3a886668e7dc29e353b74d700
7|^^|b'\x80\x05\x95\n\x00\x00\x00\x00\x00\x00\x00G?2Y\x9e\xd7\xcb4\xb0.'|^^|b'\x80\x05\x95\n\x00\x00\x00\x00\x00\x00\x00G?2Y\x9e\xd7\xcb4\xb0.'|^^|b'\x80\x05\x95\n\x00\x00\x00\x00\x00\x00\x00G?2Y\x9e\xd7\xcb4\xb0.'|^^|d7cc2c181c9534d1a37c2aa5f6b5f2946d167e45d89725c10b6c1fc90e418607|^^|d7cc2c181c9534d1a37c2aa5f6b5f2946d167e45d89725c10b6c1fc90e418607
8|^^|b'\x80\x05\x95\n\x00\x00\x00\x00\x00\x00\x00G?\xbf\x9a\xdd7F\xf6Y.'|^^|b'\x80\x05\x95\n\x00\x00\x00\x00\x00\x00\x00G?\xbf\x9a\xdd7F\xf6Y.'|^^|b'\x80\x05\x95\n\x00\x00\x00\x00\x00\x00\x00G?\xbf\x9a\xdd7F\xf6Y.'|^^|eafe32a7fe0c2428a025b5e47d0f0d38395f0c345dcb3b8ce64f9a3abb383207|^^|eafe32a7fe0c2428a025b5e47d0f0d38395f0c345dcb3b8ce64f9a3abb383207
9|^^|b'\x80\x05\x95\n\x00\x00\x00\x00\x00\x00\x00G?\xbf\x9a\xdd7F\xf6_.'|^^|b'\x80\x05\x95\n\x00\x00\x00\x00\x00\x00\x00G?\xbf\x9a\xdd7F\xf6_.'|^^|b'\x80\x05\x95\n\x00\x00\x00\x00\x00\x00\x00G?\xbf\x9a\xdd7F\xf6_.'|^^|a3892d9cea14721143b43236e729a0f2b764a4ce0ec06a7eb484b576e7076124|^^|a3892d9cea14721143b43236e729a0f2b764a4ce0ec06a7eb484b576e7076124
10|^^|b'\x80\x05\x95\n\x00\x00\x00\x00\x00\x00\x00GA\xcdo4X\x8f\xcdo.'|^^|b'\x80\x05\x95\n\x00\x00\x00\x00\x00\x00\x00GA\xcdo4X\x8f\xcdo.'|^^|b'\x80\x05\x95\n\x00\x00\x00\x00\x00\x00\x00GA\xcdo4X\x8f\xcdo.'|^^|41cefb757710ac940dc196f9117c6750153ac5120768a7e814bb08217aec04ef|^^|41cefb757710ac940dc196f9117c6750153ac5120768a7e814bb08217aec04ef
11|^^|b"\x80\x05\x95+\x00\x00\x00\x00\x00\x00\x00\x8c'No one inspects the spammish repetition\x94."|^^|b"\x80\x05\x95+\x00\x00\x00\x00\x00\x00\x00\x8c'No one inspects the spammish repetition\x94."|^^|b"\x80\x05\x95+\x00\x00\x00\x00\x00\x00\x00\x8c'No one inspects the spammish repetition\x94."|^^|ef6678157c041bffa6a90c0d8dc8446792d522f277a46aaa4398f7fcdd133200|^^|ef6678157c041bffa6a90c0d8dc8446792d522f277a46aaa4398f7fcdd133200
12|^^|b'\x80\x05\x95\x84\x00\x00\x00\x00\x00\x00\x00\x8c\x80eeeeeeeeeeeeeeeeeeeeeeeeeeeeeeeeeeeeeeeeeeeeeeeeeeeeeeeeeeeeeeeeeeeeeeeeeeeeeeeeeeeeeeeeeeeeeeeeeeeeeeeeeeeeeeeeeeeeeeeeeeeeeeee\x94.'|^^|b'\x80\x05\x95\x84\x00\x00\x00\x00\x00\x00\x00\x8c\x80eeeeeeeeeeeeeeeeeeeeeeeeeeeeeeeeeeeeeeeeeeeeeeeeeeeeeeeeeeeeeeeeeeeeeeeeeeeeeeeeeeeeeeeeeeeeeeeeeeeeeeeeeeeeeeeeeeeeeeeeeeeeeeee\x94.'|^^|b'\x80\x05\x95\x84\x00\x00\x00\x00\x00\x00\x00\x8c\x80eeeeeeeeeeeeeeeeeeeeeeeeeeeeeeeeeeeeeeeeeeeeeeeeeeeeeeeeeeeeeeeeeeeeeeeeeeeeeeeeeeeeeeeeeeeeeeeeeeeeeeeeeeeeeeeeeeeeeeeeeeeeeeee\x94.'|^^|d7b8159354467a2777ad0ffc91e8224df983d0de035473c84e97fd6bc18c662d|^^|d7b8159354467a2777ad0ffc91e8224df983d0de035473c84e97fd6bc18c662d
13|^^|b'\x80\x05\x95\x04\x00\x00\x00\x00\x00\x00\x00\x8c\x00\x94.'|^^|b'\x80\x05\x95\x04\x00\x00\x00\x00\x00\x00\x00\x8c\x00\x94.'|^^|b'\x80\x05\x95\x04\x00\x00\x00\x00\x00\x00\x00\x8c\x00\x94.'|^^|3279c4b947f331d055c47442171c9ea17712596bd7fe094c31d4a5d432b42d68|^^|3279c4b947f331d055c47442171c9ea17712596bd7fe094c31d4a5d432b42d68
14|^^|b'\x80\x05]\x94.'|^^|b'\x80\x05]\x94.'|^^|b'\x80\x05]\x94.'|^^|3fe4a92ad75f98888c0fdc32304e33df0191042a9f85c4d1c59ea2ca284412c0|^^|3fe4a92ad75f98888c0fdc32304e33df0191042a9f85c4d1c59ea2ca284412c0
15|^^|b'\x80\x05\x95\r\x00\x00\x00\x00\x00\x00\x00]\x94G?\xd4\xbcj~\xf9\xdb#a.'|^^|b'\x80\x05\x95\r\x00\x00\x00\x00\x00\x00\x00]\x94G?\xd4\xbcj~\xf9\xdb#a.'|^^|b'\x80\x05\x95\r\x00\x00\x00\x00\x00\x00\x00]\x94G?\xd4\xbcj~\xf9\xdb#a.'|^^|9d26e8fc1afe452b85863d67bd9173975e2d5d0fb43446a8983f8d411e59a07e|^^|9d26e8fc1afe452b85863d67bd9173975e2d5d0fb43446a8983f8d411e59a07e
16|^^|b'\x80\x05\x95\x06\x00\x00\x00\x00\x00\x00\x00]\x94K\xeaa.'|^^|b'\x80\x05\x95\x06\x00\x00\x00\x00\x00\x00\x00]\x94K\xeaa.'|^^|b'\x80\x05\x95\x06\x00\x00\x00\x00\x00\x00\x00]\x94K\xeaa.'|^^|00d01a6d24564d2a6d82294bd5c4eece4d7682edbff4fa3e410ae50e62711869|^^|00d01a6d24564d2a6d82294bd5c4eece4d7682edbff4fa3e410ae50e62711869
17|^^|b'\x80\x05\x95\x0b\x00\x00\x00\x00\x00\x00\x00]\x94\x8c\x04ddsf\x94a.'|^^|b'\x80\x05\x95\x0b\x00\x00\x00\x00\x00\x00\x00]\x94\x8c\x04ddsf\x94a.'|^^|b'\x80\x05\x95\x0b\x00\x00\x00\x00\x00\x00\x00]\x94\x8c\x04ddsf\x94a.'|^^|a40e180e6787eb97667a5f07d790835b0e5b3705af259dd116cd6f408a2f40f2|^^|a40e180e6787eb97667a5f07d790835b0e5b3705af259dd116cd6f408a2f40f2
18|^^|b'\x80\x05\x95\x17\x00\x00\x00\x00\x00\x00\x00]\x94(G?\xd4\xbcj~\xf9\xdb#K\xea\x8c\x043dsf\x94e.'|^^|b'\x80\x05\x95\x17\x00\x00\x00\x00\x00\x00\x00]\x94(G?\xd4\xbcj~\xf9\xdb#K\xea\x8c\x043dsf\x94e.'|^^|b'\x80\x05\x95\x17\x00\x00\x00\x00\x00\x00\x00]\x94(G?\xd4\xbcj~\xf9\xdb#K\xea\x8c\x043dsf\x94e.'|^^|653c5744033223f96512c35102d8a0e2b85d4c2fc7f0c4d5acb0f3402c33636a|^^|653c5744033223f96512c35102d8a0e2b85d4c2fc7f0c4d5acb0f3402c33636a
19|^^|b'\x80\x05\x95\x85\x00\x00\x00\x00\x00\x00\x00]\x94(K\x00K\x01K\x02K\x03K\x04K\x05K\x06K\x07K\x08K\tK\nK\x0bK\x0cK\rK\x0eK\x0fK\x10K\x11K\x12K\x13K\x14K\x15K\x16K\x17K\x18K\x19K\x1aK\x1bK\x1cK\x1dK\x1eK\x1fK K!K"K#K$K%K&K\'K(K)K*K+K,K-K.K/K0K1K2K3K4K5K6K7K8K9K:K;K<K=K>K?e.'|^^|b'\x80\x05\x95\x85\x00\x00\x00\x00\x00\x00\x00]\x94(K\x00K\x01K\x02K\x03K\x04K\x05K\x06K\x07K\x08K\tK\nK\x0bK\x0cK\rK\x0eK\x0fK\x10K\x11K\x12K\x13K\x14K\x15K\x16K\x17K\x18K\x19K\x1aK\x1bK\x1cK\x1dK\x1eK\x1fK K!K"K#K$K%K&K\'K(K)K*K+K,K-K.K/K0K1K2K3K4K5K6K7K8K9K:K;K<K=K>K?e.'|^^|b'\x80\x05\x95\x85\x00\x00\x00\x00\x00\x00\x00]\x94(K\x00K\x01K\x02K\x03K\x04K\x05K\x06K\x07K\x08K\tK\nK\x0bK\x0cK\rK\x0eK\x0fK\x10K\x11K\x12K\x13K\x14K\x15K\x16K\x17K\x18K\x19K\x1aK\x1bK\x1cK\x1dK\x1eK\x1fK K!K"K#K$K%K&K\'K(K)K*K+K,K-K.K/K0K1K2K3K4K5K6K7K8K9K:K;K<K=K>K?e.'|^^|afdcf2ef0d61860f3647cd3fa1a64aa05cb29acd5177949b6bafe55987d516f0|^^|afdcf2ef0d61860f3647cd3fa1a64aa05cb29acd5177949b6bafe55987d516f0
20|^^|b'\x80\x05\x95\x87\x00\x00\x00\x00\x00\x00\x00]\x94(K\x00K\x01K\x02K\x03K\x04K\x05K\x06K\x07K\x08K\tK\nK\x0bK\x0cK\rK\x0eK\x0fK\x10K\x11K\x12K\x13K\x14K\x15K\x16K\x17K\x18K\x19K\x1aK\x1bK\x1cK\x1dK\x1eK\x1fK K!K"K#K$K%K&K\'K(K)K*K+K,K-K.K/K0K1K2K3K4K5K6K7K8K9K:K;K<K=K>K?K@e.'|^^|b'\x80\x05\x95\x87\x00\x00\x00\x00\x00\x00\x00]\x94(K\x00K\x01K\x02K\x03K\x04K\x05K\x06K\x07K\x08K\tK\nK\x0bK\x0cK\rK\x0eK\x0fK\x10K\x11K\x12K\x13K\x14K\x15K\x16K\x17K\x18K\x19K\x1aK\x1bK\x1cK\x1dK\x1eK\x1fK K!K"K#K$K%K&K\'K(K)K*K+K,K-K.K/K0K1K2K3K4K5K6K7K8K9K:K;K<K=K>K?K@e.'|^^|b'\x80\x05\x95\x87\x00\x00\x00\x00\x00\x00\x00]\x94(K\x00K\x01K\x02K\x03K\x04K\x05K\x06K\x07K\x08K\tK\nK\x0bK\x0cK\rK\x0eK\x0fK\x10K\x11K\x12K\x13K\x14K\x15K\x16K\x17K\x18K\x19K\x1aK\x1bK\x1cK\x1dK\x1eK\x1fK K!K"K#K$K%K&K\'K(K)K*K+K,K-K.K/K0K1K2K3K4K5K6K7K8K9K:K;K<K=K>K?K@e.'|^^|2091e2a07ab056618fad0186f3e1aed6fdcb0fbe81c05ecc3d4d9fe60c8b42de|^^|2091e2a07ab056618fad0186f3e1aed6fdcb0fbe81c05ecc3d4d9fe60c8b42de
21|^^|b'\x80\x05\x95\x1c\x00\x00\x00\x00\x00\x00\x00(\x8c\x011\x94\x8c\x012\x94\x8c\x013\x94\x8c\x014\x94\x8c\x015\x94\x8c\x016\x94t\x94.'|^^|b'\x80\x05\x95\x1c\x00\x00\x00\x00\x00\x00\x00(\x8c\x011\x94\x8c\x012\x94\x8c\x013\x94\x8c\x014\x94\x8c\x015\x94\x8c\x016\x94t\x94.'|^^|b'\x80\x05\x95\x1c\x00\x00\x00\x00\x00\x00\x00(\x8c\x011\x94\x8c\x012\x94\x8c\x013\x94\x8c\x014\x94\x8c\x015\x94\x8c\x016\x94t\x94.'|^^|06b0551372e5213751c6f4f37bcbaba364052cf6b595689adf3da6f3bc2c3d78|^^|06b0551372e5213751c6f4f37bcbaba364052cf6b595689adf3da6f3bc2c3d78
22|^^|b'\x80\x05).'|^^|b'\x80\x05).'|^^|b'\x80\x05).'|^^|4d2bde2bcd7529f75df8685357afae6f49a6792a5e61bbb22a51ae121291bf57|^^|4d2bde2bcd7529f75df8685357afae6f49a6792a5e61bbb22a51ae121291bf57
